original,resolved_form,phrase_type,function,confidence,method,count,strong,morph
ἀλλ᾽,ἀλλά,,,0.95,elision_map,308,G235,CONJ
δι᾽,διά,PP,Cmpl,0.95,elision_map,146,G1223,PREP
ἐπ᾽,ἐπί,PP,Cmpl,0.95,elision_map,132,G1909,PREP
ἀπ᾽,ἀπό,PP,Cmpl,0.95,elision_map,122,G575,PREP
μετ᾽,μετά,PP,Cmpl,0.95,elision_map,115,G3326,PREP
κατ᾽,κατά,PP,Cmpl,0.95,elision_map,84,G2596,PREP
ἐφ᾽,ἐπί,PP,Cmpl,0.95,elision_map,78,G1909,PREP
καθ᾽,κατά,PP,Cmpl,0.95,elision_map,62,G2596,PREP
παρ᾽,παρά,PP,Cmpl,0.95,elision_map,59,G3844,PREP
Ἰωάννης,,NP,,0.85,capital_name,55,G2491,N-NSM
ἡς,,,Subj,0.9,strong_phrase_map,46,G3739,R-PRO-GSF
μεθ᾽,μετά,PP,Cmpl,0.95,elision_map,46,G3326,PREP
ἀφ᾽,ἀπό,PP,Cmpl,0.95,elision_map,42,G575,PREP
Πιλᾶτος,,NP,,0.85,capital_name,39,G4091,N-NSM
Ἰωάννην,,NP,,0.85,capital_name,38,G2491,N-ASM
Ἰωάννου,,NP,,0.85,capital_name,35,G2491,N-GSM
εὐθὲως,,AdvP,Cmpl,0.9,strong_phrase_map,34,G2112,ADV
Δαβὶδ,,NP,,0.85,capital_name,31,G1138,IND
ὑπ᾽,ὑπό,PP,Cmpl,0.95,elision_map,29,G5259,PREP
Δαβίδ,,NP,,0.85,capital_name,28,G1138,IND
δ᾽,δέ,,,0.95,elision_map,27,G1161,CONJ
Ἡρῴδης,,NP,,0.85,capital_name,25,G2264,N-NSM
μήποτε,,AdvP,Cmpl,0.9,strong_phrase_map,23,G3379,ADV
τεσσαράκοντα,,NP,,0.9,strong_phrase_map,21,G5062,IND
Μωσέως,,NP,,0.85,capital_name,20,G3475,N-GSM
Ἠλίας,,NP,,0.85,capital_name,17,G2243,N-NSM
τοῦτ᾽,τοῦτο,NP,,0.95,elision_map,17,G5124,D-PRO-NSN
Ῥαββί,,NP,,0.85,capital_name,15,G4461,HEB
Δια,,PP,Cmpl,0.9,strong_phrase_map,14,G1223,PREP
Καπερναούμ,,NP,,0.85,capital_name,13,G2584,IND
Ἡρῴδου,,NP,,0.85,capital_name,13,G2264,N-GSM
τὴς,,NP,,0.9,strong_phrase_map,12,G3588,T-GSF
μήπως,,AdvP,Cmpl,0.9,strong_phrase_map,12,G3381,CONJ
ιβ᾽,,NP,,0.9,strong_phrase_map,12,G1427,IND
δια,,PP,Cmpl,0.9,strong_phrase_map,10,G1223,PREP
Βαρναβᾶς,,NP,,0.85,capital_name,10,G921,N-NSM
ὑφ᾽,ὑπό,PP,Cmpl,0.95,elision_map,10,G5259,PREP
εἰπεν,,,Pred,0.9,strong_phrase_map,10,G2036,V-2AAI-3S
Ἐλισάβετ,,NP,,0.85,capital_name,9,G1665,IND
Καισάρειαν,,NP,,0.85,capital_name,9,G2542,N-ASF
πάσιν,,NP,,0.9,strong_phrase_map,9,G3956,A-DPN
κράββατον,,NP,,0.9,strong_phrase_map,9,G2895,N-ASM
Ἁνανίας,,NP,,0.85,capital_name,8,G367,N-NSM
Σαμαρείας,,NP,,0.85,capital_name,8,G4540,N-GSF
Βαρναβᾶν,,NP,,0.85,capital_name,8,G921,N-ASM
ἔπεσον,,,Pred,0.9,strong_phrase_map,8,G4098,V-2AAI-3P
αὑτοῦ,,NP,,0.9,strong_phrase_map,8,G846,P-GSM
λήψεται,,,Pred,0.9,strong_phrase_map,7,G2983,V-FDI-3S
Πιλᾶτον,,NP,,0.85,capital_name,7,G4091,N-ASM
λήψεσθε,,,Pred,0.9,strong_phrase_map,7,G2983,V-FDI-2P
Ἠλίαν,,NP,,0.85,capital_name,7,G2243,N-ASM
Ἰσραηλῖται,,NP,,0.85,capital_name,6,G2475,N-VPM
τέσσαρα,,NP,,0.9,strong_phrase_map,6,G5064,A-APN
ᾅδου,,NP,,0.9,strong_phrase_map,6,G86,N-GSM
διαπαντός,,AdvP,Cmpl,0.9,strong_phrase_map,6,G1275,ADV
Καισαρείας,,NP,,0.85,capital_name,6,G2542,N-GSF
Ἔγειραι,,NP,,0.85,capital_name,6,G1453,V-AMM-2S
Βαρναβᾷ,,NP,,0.85,capital_name,6,G921,N-DSM
Πιλάτῳ,,NP,,0.85,capital_name,6,G4091,N-DSM
εἴγε,,,,0.8,morph_inference,5,G1489,COND
ἁλιεῖς,,NP,,0.9,strong_phrase_map,5,G231,N-NPM
Ἰεριχὼ,,NP,,0.85,capital_name,5,G2410,IND
Ἰωάννῃ,,NP,,0.85,capital_name,5,G2491,N-DSM
ἐξήλθετε,,,Pred,0.9,strong_phrase_map,5,G1831,V-2AAI-2P
ἐκχυνόμενον,,,Pred,0.9,strong_phrase_map,5,G1632,V-PPP-NSN
μαχαίρᾳ,,NP,,0.9,strong_phrase_map,5,G3162,N-DSF
ἀνελήφθη,,,Pred,0.9,strong_phrase_map,5,G353,V-API-3S
Λευὶ,,NP,,0.85,capital_name,5,G3017,IND
ἐννάτην,,NP,,0.9,strong_phrase_map,5,G1766,A-ASF
ἀποθνῄσκειν,,,Pred,0.9,strong_phrase_map,5,G599,V-PAN
Ἠλίᾳ,,NP,,0.85,capital_name,4,G2243,N-DSM
Α,,NP,,0.85,capital_name,4,G1,IND
ὡσπερ,,AdvP,Cmpl,0.9,strong_phrase_map,4,G5618,ADV
ἤμεν,,,Pred,0.9,strong_phrase_map,4,G1510,V-II-1P
οὐτὲ,,,,0.85,morph_inference,4,G3777,CONJ
συζητεῖν,,,,0.9,strong_phrase_map,4,G4802,V-PAN
τούς,,NP,,0.9,strong_phrase_map,4,G3588,T-APM
ἐξεληλύθατε,,,Pred,0.9,strong_phrase_map,4,G1831,V-RAI-2P
ἐλθέτω,,,Pred,0.9,strong_phrase_map,4,G2064,V-2AAM-3S
ἀυτῶν,,NP,,0.9,strong_phrase_map,4,G846,P-GPM
ἀποκατεστάθη,,,Pred,0.85,morph_inference,4,G600,V-API-3S
ἔγειραι,,,Pred,0.85,morph_inference,4,G1453,V-AMM-2S
πρᾳότητος,,NP,,0.85,morph_inference,4,G4236,N-GSF
μαχαίρας,,NP,,0.9,strong_phrase_map,4,G3162,N-GSF
λήψονται,,,Pred,0.9,strong_phrase_map,4,G2983,V-FDI-3P
κρείττονα,,AdjP,,0.75,morph_inference,4,G2909,A-APN
Ω,,NP,,0.85,capital_name,4,G5598,IND
Μωσῇ,,NP,,0.85,capital_name,4,G3475,N-DSM
Βαρναβᾶ,,NP,,0.85,capital_name,4,G921,N-GSM
ᾅδης,,NP,,0.9,strong_phrase_map,3,G86,N-NSM
Αββα,,NP,,0.85,capital_name,3,G5,IND
ὑπερ,,PP,Cmpl,0.9,strong_phrase_map,3,G5228,PREP
ὄψει,,,Pred,0.85,morph_inference,3,G3700,V-FDI-2S
Ἰωσῆ,,NP,,0.85,capital_name,3,G2500,N-GSM
ἱνατί,,AdvP,Cmpl,0.85,morph_inference,3,G2444,ADV
ἐξέδοτο,,,Pred,0.85,morph_inference,3,G1554,V-2AMI-3S
ἐννάτης,,NP,,0.9,strong_phrase_map,3,G1766,A-GSF
ἐννενήκονταεννέα,,NP,,0.9,morph_inference,3,G1768,IND
ἔλεον,,NP,,0.85,morph_inference,3,G1656,N-ASM
ἔρεις,,NP,,0.85,morph_inference,3,G2054,N-NPF
Καπερναοὺμ,,NP,,0.85,capital_name,3,G2584,IND
ἰάσωμαι,,,Pred,0.85,morph_inference,3,G2390,V-ADS-1S
Ἡρῴδῃ,,NP,,0.85,capital_name,3,G2264,N-DSM
Μωσῆν,,NP,,0.85,capital_name,3,G3475,N-ASM
Ἡρῳδιάδος,,NP,,0.85,capital_name,3,G2266,N-GSF
Ἡρῳδιανῶν,,NP,,0.85,capital_name,3,G2265,N-GPM
Πιλάτου,,NP,,0.85,capital_name,3,G4091,N-GSM
Προεφήτευσεν,,NP,,0.85,capital_name,3,G4395,V-AAI-3S
ἐσται,,,Pred,0.85,morph_inference,3,G2071,V-FI-3S
πιστεύσῃ,,,Pred,0.85,morph_inference,3,G4100,V-AAS-3S
Ματθαῖον,,NP,,0.85,capital_name,3,G3156,N-ASM
Μαριά,,NP,,0.85,capital_name,3,G3137,N-NSF
συγκοινωνὸς,,AdjP,,0.75,morph_inference,3,G4791,A-NSM
Λαοδικείᾳ,,NP,,0.85,capital_name,3,G2993,N-DSF
εἴχον,,,Pred,0.85,morph_inference,3,G2192,V-IAI-3P
εἰργάσατο,,,Pred,0.85,morph_inference,3,G2038,V-ADI-3S
Βενιαμίν,,NP,,0.85,capital_name,3,G958,IND
εἰπον,,,Pred,0.9,strong_phrase_map,3,G2036,V-2AAI-3P
γεννήματος,,NP,,0.85,morph_inference,3,G1081,N-GSN
ζῳοποιεῖ,,,Pred,0.85,morph_inference,3,G2227,V-PAI-3S
νηστείᾳ,,NP,,0.85,morph_inference,3,G3521,N-DSF
Μωσεῖ,,NP,,0.85,capital_name,3,G3475,N-DSM
πρᾳότητα,,NP,,0.85,morph_inference,3,G4236,N-ASF
προσωποληψία,,NP,,0.85,morph_inference,3,G4382,N-NSF
οὕς,,,Subj,0.9,strong_phrase_map,3,G3739,R-PRO-APM
τοῦς,,NP,,0.9,strong_phrase_map,3,G3588,T-APM
ἀρέσει,,,Pred,0.85,morph_inference,3,G700,V-FAI-3S
Φάρες,,NP,,0.85,capital_name,3,G5329,IND
ἐκπερισσοῦ,,AdvP,Cmpl,0.85,morph_inference,3,G4057,ADV
Κεγχρεαῖς,,NP,,0.85,capital_name,3,G2747,N-DPF
τετραρχοῦντος,,,Pred,0.85,morph_inference,3,G5075,V-PAP-GSM
τετράρχης,,NP,,0.85,morph_inference,3,G5076,N-NSM
τὲ,,,,0.8,morph_inference,3,G5037,PRT
Ἰεριχώ,,NP,,0.85,capital_name,2,G2410,IND
Ἠλίου,,NP,,0.85,capital_name,2,G2243,N-GSM
Ἰεροσόλυμα,,NP,,0.85,capital_name,2,G2414,N-ASF
Γεθσημανῆ,,NP,,0.85,capital_name,2,G1068,IND
Ἰσραηλίτης,,NP,,0.85,capital_name,2,G2475,N-NSM
ἐξείλετο,,,Pred,0.85,morph_inference,2,G1807,V-2AMI-3S
ἐριθείαι,,NP,,0.85,morph_inference,2,G2052,N-NPF
ἐρράντισεν,,,Pred,0.85,morph_inference,2,G4472,V-AAI-3S
ἐπιρρίψαντες,,,Pred,0.85,morph_inference,2,G1977,V-AAP-NPM
ἐρευνῶν,,,Pred,0.85,morph_inference,2,G2045,V-PAP-NSM
ἑαὐτῷ,,NP,,0.85,morph_inference,2,G1438,REF-DSM
Ταβιθά,,NP,,0.85,capital_name,2,G5000,IND
ἐρρήθη,,,Pred,0.85,morph_inference,2,G4483,V-API-3S
ἰδοῦ,,,Pred,0.85,morph_inference,2,G2400,V-2AAM-2S
Θεσσαλονικείς,,NP,,0.85,capital_name,2,G2331,N-APM
Καισαρείᾳ,,NP,,0.85,capital_name,2,G2542,N-DSF
ἧττον,,AdjP,,0.75,morph_inference,2,G2276,A-ASN
Ἑσρὼμ,,NP,,0.85,capital_name,2,G2074,IND
Ἔλεον,,NP,,0.85,capital_name,2,G1656,N-ASM
Ἐλθε,,,Pred,0.9,strong_phrase_map,2,G2064,V-2AAM-2S
Ἐξέλθετε,,,Pred,0.9,strong_phrase_map,2,G1831,V-2AAM-2P
Ἡρῳδιάδα,,NP,,0.85,capital_name,2,G2266,N-ASF
Ἡρῴδην,,NP,,0.85,capital_name,2,G2264,N-ASM
Ἰωάννα,,NP,,0.85,capital_name,2,G2489,N-GSF
Ἰωσῆς,,NP,,0.85,capital_name,2,G2500,N-NSM
Ἱερουσάλημ,,NP,,0.85,capital_name,2,G2419,IND
Ὀνησίμου,,NP,,0.85,capital_name,2,G3682,N-GSM
ὑιὸς,,NP,,0.85,morph_inference,2,G5207,N-NSM
ῥαββί,,NP,,0.85,morph_inference,2,G4461,HEB
ἀρξάμενον,,,Pred,0.85,morph_inference,2,G756,V-AMP-NSN
ἀπήντησεν,,,Pred,0.85,morph_inference,2,G528,V-AAI-3S
ἐγγεγραμμένη,,,Pred,0.85,morph_inference,2,G1449,V-RPP-NSF
Ἁνανία,,NP,,0.85,capital_name,2,G367,N-VSM
ἐκκακοῦμεν,,,Pred,0.85,morph_inference,2,G1573,V-PAI-1P
ἐγκεντρισθήσονται,,,Pred,0.85,morph_inference,2,G1461,V-FPI-3P
Συγχάρητέ,,NP,,0.85,capital_name,2,G4796,V-2ADM-2P
Κορινθίους,,NP,,0.85,capital_name,2,G2881,A-APM
τιμῶσίν,,,Pred,0.85,morph_inference,2,G5091,V-PAS-3P
τῆν,,NP,,0.9,strong_phrase_map,2,G3588,T-ASF
χθὲς,,AdvP,Cmpl,0.85,morph_inference,2,G5504,ADV
φουρτουνάτου,,NP,,0.85,morph_inference,2,G5415,N-GSM
αὖτοῦ,,NP,,0.9,strong_phrase_map,2,G846,P-GSM
τανῦν,,AdvP,Cmpl,0.85,morph_inference,2,G3568,ADV
συνιστώντες,,,Pred,0.85,morph_inference,2,G4921,V-PAP-NPM
ταὐτὴν,,NP,,0.9,strong_phrase_map,2,G3778,D-PRO-ASF
συμβιβαζόμενον,,,Pred,0.85,morph_inference,2,G4822,V-PPP-NSN
συμμαρτυρούσης,,,Pred,0.85,morph_inference,2,G4828,V-PAP-GSF
συζητοῦντες,,,,0.9,strong_phrase_map,2,G4802,V-PAP-NPM
συμπαραλαβεῖν,,,Pred,0.85,morph_inference,2,G4838,V-2AAN
συζητήσεως,,NP,,0.85,morph_inference,2,G4803,N-GSF
συλλαλοῦντες,,,Pred,0.85,morph_inference,2,G4814,V-PAP-NPM
συγκρίνοντες,,,Pred,0.85,morph_inference,2,G4793,V-PAP-NPM
ταὐτὰ,,NP,,0.8,morph_inference,2,G5024,D-PRO-APN
συγχαίρει,,,Pred,0.85,morph_inference,2,G4796,V-PAI-2S
συγκαλεσάμενος,,,Pred,0.85,morph_inference,2,G4779,V-AMP-NSM
ἀφίεμεν,,,Pred,0.85,morph_inference,2,G863,V-PAI-1P
ἄρρενα,,NP,,0.85,morph_inference,2,G730,N-ASM
αὐξάνει,,,Pred,0.85,morph_inference,2,G837,V-PAI-3S
ἀποκτεινόντων,,,Pred,0.85,morph_inference,2,G615,V-PAP-GPM
ἀποθνῄσκωμεν,,,Pred,0.9,strong_phrase_map,2,G599,V-PAS-1P
ἀποθνῄσκομεν,,,Pred,0.9,strong_phrase_map,2,G599,V-PAI-1P
ἀνέπεσον,,,Pred,0.85,morph_inference,2,G377,V-2AAI-3P
ἀπαντῆσαι,,,Pred,0.85,morph_inference,2,G528,V-AAN
ἀνεπίληπτον,,AdjP,,0.75,morph_inference,2,G423,A-ASM
χειροτονηθέντα,,,Pred,0.85,morph_inference,2,G5500,V-APP-ASM
ἐκωλύσαμεν,,,Pred,0.85,morph_inference,2,G2967,V-AAI-1P
ἐκβάλλῃ,,,Pred,0.85,morph_inference,2,G1544,V-PAS-3S
ἐκγαμίσκονται,,,Pred,0.85,morph_inference,2,G1548,V-PPI-3P
ἐκκακεῖν,,,Pred,0.85,morph_inference,2,G1573,V-PAN
Λύδδαν,,NP,,0.85,capital_name,2,G3069,N-ASF
Λευίτης,,NP,,0.85,capital_name,2,G3019,N-NSM
Λευὶν,,NP,,0.85,capital_name,2,G3018,N-ASM
Λαοδικείας,,NP,,0.85,capital_name,2,G2993,N-GSF
συγγενέσιν,,AdjP,,0.75,morph_inference,2,G4773,A-DPM
σαβαχθανι,,NP,,0.85,morph_inference,2,G4518,ARA
αὓτη,,NP,,0.9,strong_phrase_map,2,G846,P-DSF
αὑτῶν,,NP,,0.9,strong_phrase_map,2,G846,P-GPM
στήριξον,,,Pred,0.85,morph_inference,2,G4741,V-AAM-2S
αὑτὸς,,NP,,0.9,strong_phrase_map,2,G846,P-NSM
αὐτῶ,,NP,,0.9,strong_phrase_map,2,G846,P-DSM
βασιλεῦς,,NP,,0.85,morph_inference,2,G935,N-NSM
συγκληρονόμοι,,AdjP,,0.75,morph_inference,2,G4789,A-NPM
στήκητε,,,Pred,0.85,morph_inference,2,G4739,V-PAS-2P
προεφήτευσεν,,,Pred,0.85,morph_inference,2,G4395,V-AAI-3S
βάλλῃ,,,Pred,0.85,morph_inference,2,G906,V-PAS-3S
οὑτὸς,,NP,,0.9,strong_phrase_map,2,G3778,D-PRO-NSM
οὐν,,,,0.9,strong_phrase_map,2,G3767,CONJ
παραληφθήσεται,,,Pred,0.85,morph_inference,2,G3880,V-FPI-3S
οὖ,,,Subj,0.9,strong_phrase_map,2,G3739,PRT
μετανοήσωσιν,,,Pred,0.85,morph_inference,2,G3340,V-AAS-3P
λήψεταί,,,Pred,0.9,strong_phrase_map,2,G2983,V-FDI-3S
μοῦ,,NP,,0.85,morph_inference,2,G3450,P-GS
μὲ,,NP,,0.85,morph_inference,2,G3165,P-AS
κράξαν,,,Pred,0.85,morph_inference,2,G2896,V-AAP-NSN
προσέρρηξεν,,,Pred,0.85,morph_inference,2,G4366,V-AAI-3S
παραθῶσιν,,,Pred,0.85,morph_inference,2,G3908,V-2AAS-3P
παῤ,,PP,Cmpl,0.9,strong_phrase_map,2,G3844,PREP
παρακαταθήκην,,NP,,0.85,morph_inference,2,G3872,N-ASF
βαλάντιον,,NP,,0.85,morph_inference,2,G905,N-ASN
πρόβατά,,NP,,0.85,morph_inference,2,G4263,N-APN
πτῶματα,,NP,,0.85,morph_inference,2,G4430,N-NPN
Ματθίαν,,NP,,0.85,capital_name,2,G3159,N-ASM
Ματθαῖος,,NP,,0.85,capital_name,2,G3156,N-NSM
κομιεῖται,,,Pred,0.85,morph_inference,2,G2865,V-FDI-3S
καίτοιγε,,,,0.85,morph_inference,2,G2544,CONJ
κλινῶν,,NP,,0.85,morph_inference,2,G2825,N-GPF
κλείει,,,Pred,0.85,morph_inference,2,G2808,V-PAI-3S
κοπιᾷ,,,Pred,0.85,morph_inference,2,G2872,V-PAI-3S
γεγένησθε,,,Pred,0.85,morph_inference,2,G1096,V-RPI-2P
θύει,,,Pred,0.85,morph_inference,2,G2380,V-PAI-3S
ζῳοποιοῦν,,,Pred,0.85,morph_inference,2,G2227,V-PAP-NSN
εὐθεὼς,,AdvP,Cmpl,0.9,strong_phrase_map,2,G2112,ADV
ζῆλοι,,NP,,0.85,morph_inference,2,G2205,N-NPM
εἴκοσιτέσσαρες,,AdjP,,0.75,morph_inference,2,G1501,A-NPM
κατασκηνοῦν,,,Pred,0.85,morph_inference,2,G2681,V-PAN
καταβιβασθήσῃ,,,Pred,0.85,morph_inference,2,G2601,V-FPI-2S
Μελχὶ,,NP,,0.85,capital_name,2,G3197,IND
εἴπως,,,,0.8,morph_inference,2,G1513,COND
εἴπων,,,Pred,0.9,strong_phrase_map,2,G2036,V-2AAP-NSM
εἴπεν,,,Pred,0.9,strong_phrase_map,2,G2036,V-2AAI-3S
διασκορπισθήσεται,,,Pred,0.85,morph_inference,2,G1287,V-FPI-3S
δαιμόνων,,NP,,0.85,morph_inference,2,G1142,N-GPM
εἲς,,PP,Cmpl,0.9,strong_phrase_map,2,G1519,A-NSM
εν,,PP,Cmpl,0.9,strong_phrase_map,2,G1722,PREP
εὐδόκησαν,,,Pred,0.85,morph_inference,2,G2106,V-AAI-3P
εἰλικρινείας,,NP,,0.85,morph_inference,2,G1505,N-GSF
διορυγῆναι,,,Pred,0.85,morph_inference,2,G1358,V-2APN
δεκαδύο,,NP,,0.9,morph_inference,2,G1177,IND
διψήσῃ,,,Pred,0.85,morph_inference,2,G1372,V-AAS-3S
Ὠβὴδ,,NP,,0.85,capital_name,2,G5601,IND
ὑψωθεῖσα,,,Pred,0.85,morph_inference,2,G5312,V-APP-NSF
Βοὸζ,,NP,,0.85,capital_name,2,G1003,IND
Βαρσαβᾶν,,NP,,0.85,capital_name,2,G923,N-ASM
ὼς,,AdvP,Cmpl,0.85,morph_inference,1,G5613,ADV
Βαρ,,NP,,0.85,capital_name,1,G920,ARA
Βενιαμὶν,,NP,,0.85,capital_name,1,G958,IND
Βηθαβαρᾶ,,NP,,0.85,capital_name,1,G962,N-DSF
Βηθεσδά,,NP,,0.85,capital_name,1,G964,IND
Βοανεργές,,NP,,0.85,capital_name,1,G993,IND
Βοσόρ,,NP,,0.85,capital_name,1,G1007,IND
Βόοζ,,NP,,0.85,capital_name,1,G1003,IND
Ὑπαγε,,NP,,0.85,capital_name,1,G5217,V-PAM-2S
Εὐαγγελισάμενοί,,NP,,0.85,capital_name,1,G2097,V-AMP-NPM
Εἰσέλθετε,,NP,,0.85,capital_name,1,G1525,V-2AAM-2P
ὑιοῦ,,NP,,0.85,morph_inference,1,G5207,N-GSM
ὑιὸν,,NP,,0.85,morph_inference,1,G5207,N-ASM
ὑιῷ,,NP,,0.85,morph_inference,1,G5207,N-DSM
ὑμας,,NP,,0.85,morph_inference,1,G5209,P-AP
ὑπερβάλλοντα,,,Pred,0.85,morph_inference,1,G5235,V-PAP-ASM
ὑπερεκχυνόμενον,,,Pred,0.85,morph_inference,1,G5240,V-PPP-ASN
Νινευΐ,,NP,,0.85,capital_name,1,G3535,IND
Νινευῖται,,NP,,0.85,capital_name,1,G3536,N-NPM
Νέρωνι,,NP,,0.85,capital_name,1,G3505,N-DSM
Οὗτοὶ,,NP,,0.9,strong_phrase_map,1,G3778,D-PRO-NPM
Πακατιανῆς,,NP,,0.85,capital_name,1,G3818,A-GSF
Πατροβᾶν,,NP,,0.85,capital_name,1,G3969,N-ASM
ὑψηλοφρόνει,,,Pred,0.85,morph_inference,1,G5309,V-PAM-2S
Γαμαλιὴλ,,NP,,0.85,capital_name,1,G1059,IND
Γενησαρέτ,,NP,,0.85,capital_name,1,G1082,IND
Γεργεσηνῶν,,NP,,0.85,capital_name,1,G1086,N-GPM
διεφθάρη,,,Pred,0.85,morph_inference,1,G1311,V-2API-3S
διηγείρετο,,,Pred,0.85,morph_inference,1,G1326,V-IPI-3S
διηρμήνευεν,,,Pred,0.85,morph_inference,1,G1329,V-IAI-3S
δικαιοσυνῃ,,NP,,0.85,morph_inference,1,G1343,N-DSF
δικαιοῦν,,,Pred,0.85,morph_inference,1,G1344,V-PAN
δικαιωθήτω,,,Pred,0.85,morph_inference,1,G1344,V-APM-3S
διἁρπάσαι,,,Pred,0.85,morph_inference,1,G1283,V-AAN
δευτεροπρώτῳ,,AdjP,,0.75,morph_inference,1,G1207,A-DSN
διαδιδώσουσιν,,,Pred,0.85,morph_inference,1,G1239,V-PAI-3P
διακαθᾶριεῖ,,,Pred,0.85,morph_inference,1,G1245,V-FAI-3S
διακρινομένοι,,,Pred,0.85,morph_inference,1,G1252,V-PMP-NPM
διακρίνόμενον,,,Pred,0.85,morph_inference,1,G1252,V-PMP-ASM
διακόνου,,NP,,0.85,morph_inference,1,G1249,N-GSF
διαμερισθήσεται,,,Pred,0.85,morph_inference,1,G1266,V-FPI-3S
διαπαντὸς,,AdvP,Cmpl,0.9,strong_phrase_map,1,G1275,ADV
διαπορεῖσθαι,,,Pred,0.85,morph_inference,1,G1280,V-PPN
δυσεντερίᾳ,,NP,,0.85,morph_inference,1,G1420,N-DSF
δἔδωκεν,,,Pred,0.85,morph_inference,1,G1325,V-RAI-3S
δύνήσῃ,,,Pred,0.85,morph_inference,1,G1410,V-FDI-2S
δώμεν,,,Pred,0.85,morph_inference,1,G1325,V-2AAS-1P
εαυτοῦ,,NP,,0.85,morph_inference,1,G1438,REF-GSM
εαυτόν,,NP,,0.85,morph_inference,1,G1438,REF-ASM
εαὐτοὺς,,NP,,0.85,morph_inference,1,G1438,REF-APM
εις,,AdjP,,0.75,morph_inference,1,G1520,A-NSM
εκάθισεν,,,Pred,0.85,morph_inference,1,G2523,V-AAI-3S
διεγείρουσιν,,,Pred,0.85,morph_inference,1,G1326,V-PAI-3P
διεγνώρισαν,,,Pred,0.85,morph_inference,1,G1232,V-AAI-3P
διεδίδοτο,,,Pred,0.85,morph_inference,1,G1239,V-IPI-3S
διελέχθη,,,Pred,0.85,morph_inference,1,G1256,V-ADI-3S
διεμαρτύρετο,,,Pred,0.85,morph_inference,1,G1263,V-IDI-3S
διεμερίζον,,,Pred,0.85,morph_inference,1,G1266,V-IAI-3P
διερρήγνυτο,,,Pred,0.85,morph_inference,1,G1284,V-IPI-3S
εσπάραξεν,,,Pred,0.85,morph_inference,1,G4682,V-AAI-3S
ετελείωσα,,,Pred,0.85,morph_inference,1,G5048,V-AAI-1S
ετερος,,AdjP,,0.75,morph_inference,1,G2087,A-NSM
εἰδωλείῳ,,NP,,0.85,morph_inference,1,G1493,N-DSN
εἰκοσιπέντε,,NP,,0.9,morph_inference,1,G1501,IND
εἰκῆ,,AdvP,Cmpl,0.85,morph_inference,1,G1500,ADV
εἰληφως,,,Pred,0.9,strong_phrase_map,1,G2983,V-RAP-NSM
εἰλικρινείᾳ,,NP,,0.85,morph_inference,1,G1505,N-DSF
εἰναι,,,Pred,0.85,morph_inference,1,G1511,V-PN
διέλιπεν,,,Pred,0.85,morph_inference,1,G1257,V-2AAI-3S
διώκωμεν,,,Pred,0.85,morph_inference,1,G1377,V-PAS-1P
δοθείη,,,Pred,0.85,morph_inference,1,G1325,V-APO-3S
δοκιμάζοντες,,,Pred,0.85,morph_inference,1,G1381,V-PAP-NPM
δουλεύσωσιν,,,Pred,0.85,morph_inference,1,G1398,V-AAS-3P
δυναμένος,,,Pred,0.85,morph_inference,1,G1410,V-PDP-NSM
δυο,,NP,,0.9,morph_inference,1,G1417,IND
γένεσθε,,,Pred,0.85,morph_inference,1,G1096,V-2ADM-2P
γέννησις,,NP,,0.85,morph_inference,1,G1083,N-NSF
γὴν,,NP,,0.85,morph_inference,1,G1093,N-ASF
γὴς,,NP,,0.85,morph_inference,1,G1093,N-GSF
γήμῃς,,,Pred,0.85,morph_inference,1,G1060,V-AAS-2S
γήρᾳ,,NP,,0.85,morph_inference,1,G1094,N-DSN
δανειστῇ,,NP,,0.85,morph_inference,1,G1157,N-DSM
εἱλισσόμενον,,,Pred,0.85,morph_inference,1,G1507,V-PPP-NSN
εἲς,,AdjP,,0.75,morph_inference,1,G1520,A-NSM
εἴδον,,,Pred,0.85,morph_inference,1,G3708,V-2AAI-1S
εἴης,,,Pred,0.85,morph_inference,1,G1498,V-PO-2S
εἴκοσιν,,AdjP,,0.75,morph_inference,1,G1501,A-NPM
ελωι,,NP,,0.85,morph_inference,1,G1682,ARA
ελάλησα,,,Pred,0.85,morph_inference,1,G2980,V-AAI-1S
εποιήσατε,,,Pred,0.85,morph_inference,1,G4160,V-AAI-2P
εσονται,,,Pred,0.85,morph_inference,1,G2071,V-FI-3P
εἰπόντι,,,Pred,0.9,strong_phrase_map,1,G2036,V-2AAP-DSM
εἰργασάμεθα,,,Pred,0.85,morph_inference,1,G2038,V-ADI-1P
εἰργάζετο,,,Pred,0.85,morph_inference,1,G2038,V-IDI-3S
εἰργάσαντο,,,Pred,0.85,morph_inference,1,G2038,V-ADI-3P
εἰρήκεν,,,Pred,0.85,morph_inference,1,G2046,V-RAI-3S
εἰσεληλύθασιν,,,Pred,0.85,morph_inference,1,G1525,V-2RAI-3P
εἰσελθέτω,,,Pred,0.85,morph_inference,1,G1525,V-2AAM-3S
εἰσεπήδησαν,,,Pred,0.85,morph_inference,1,G1530,V-AAI-3P
εἰσήλθετε,,,Pred,0.85,morph_inference,1,G1525,V-2AAI-2P
διαρρήσσων,,,Pred,0.85,morph_inference,1,G1284,V-PAP-NSM
διασώσωσιν,,,Pred,0.85,morph_inference,1,G1295,V-AAS-3P
διαφανής,,AdjP,,0.75,morph_inference,1,G1307,A-NSM
διαφύγοι,,,Pred,0.85,morph_inference,1,G1309,V-2AAO-3S
διδωμι,,,Pred,0.85,morph_inference,1,G1325,V-PAI-1S
γάμησας,,,Pred,0.85,morph_inference,1,G1060,V-AAP-NSM
γέγονασιν,,,Pred,0.85,morph_inference,1,G1096,V-2RAI-3P
εὐχόμαι,,,Pred,0.85,morph_inference,1,G2172,V-PDI-1S
εὐωδίαν,,NP,,0.85,morph_inference,1,G2136,N-ASF
εὐωνύμῶν,,AdjP,,0.75,morph_inference,1,G2176,A-GPM
εὑρεθείς,,,Pred,0.85,morph_inference,1,G2147,V-APP-NSM
εὑρήσῃς,,,Pred,0.85,morph_inference,1,G2147,V-AAS-2S
εὑρίσκετο,,,Pred,0.85,morph_inference,1,G2147,V-IPI-3S
εἴπης,,,Pred,0.9,strong_phrase_map,1,G2036,V-2AAS-2S
εἴχε,,,Pred,0.85,morph_inference,1,G2192,V-IAI-3S
εἴχεν,,,Pred,0.85,morph_inference,1,G2192,V-IAI-3S
εἵλετο,,,Pred,0.85,morph_inference,1,G138,V-2AMI-3S
εἶδε,,,Pred,0.85,morph_inference,1,G3708,V-2AAI-3S
εἶπὲ,,,Pred,0.9,strong_phrase_map,1,G2036,V-2AAM-2S
εἶς,,AdjP,,0.75,morph_inference,1,G1520,A-NSM
εὐαγγελίζηται,,,Pred,0.85,morph_inference,1,G2097,V-PMS-3S
εὐδοκήσαμεν,,,Pred,0.85,morph_inference,1,G2106,V-AAI-1P
εὐηγγελίσαντο,,,Pred,0.85,morph_inference,1,G2097,V-AMI-3P
ζήλωσον,,,Pred,0.85,morph_inference,1,G2206,V-AAM-2S
ζήσομεθα,,,Pred,0.85,morph_inference,1,G2198,V-FDI-1P
ζήσονται,,,Pred,0.85,morph_inference,1,G2198,V-FDI-3P
ζήτημά,,NP,,0.85,morph_inference,1,G2213,N-NSN
ζώσας,,,Pred,0.85,morph_inference,1,G2198,V-PAP-APF
ζῳογονεῖσθαι,,,Pred,0.85,morph_inference,1,G2225,V-PPN
ζῳογονήσει,,,Pred,0.85,morph_inference,1,G2225,V-FAI-3S
εὐηρεστηκέναι,,,Pred,0.85,morph_inference,1,G2100,V-RAN
εὐθείαν,,AdjP,,0.75,morph_inference,1,G2117,A-ASF
εὐθύμοτερον,,AdvP,Cmpl,0.85,morph_inference,1,G2115,ADV
εὐλογειτε,,,Pred,0.85,morph_inference,1,G2127,V-PAM-2P
εὐλογήσῃς,,,Pred,0.85,morph_inference,1,G2127,V-AAS-2S
εὐπρόσεδρον,,AdjP,,0.75,morph_inference,1,G2145,A-ASN
εὐφρανθήσονται,,,Pred,0.85,morph_inference,1,G2165,V-FPI-3P
εὐφράνθη,,,Pred,0.85,morph_inference,1,G2165,V-API-3S
εὐχαρίστησαν,,,Pred,0.85,morph_inference,1,G2168,V-AAI-3P
ηλι,,NP,,0.85,morph_inference,1,G2241,HEB
ημῶν,,NP,,0.85,morph_inference,1,G2257,P-GP
ηὐλόγει,,,Pred,0.85,morph_inference,1,G2127,V-IAI-3S
ηὐπορεῖτό,,,Pred,0.85,morph_inference,1,G2141,V-IDI-3S
θαλάσσαν,,NP,,0.85,morph_inference,1,G2281,N-ASF
θαμβῶν,,,Pred,0.85,morph_inference,1,G2284,V-PAP-NSM
θαυμάσονται,,,Pred,0.85,morph_inference,1,G2296,V-FDI-3P
θεμελιώσαι,,,Pred,0.85,morph_inference,1,G2311,V-AAO-3S
εὔνοιαν,,NP,,0.85,morph_inference,1,G2133,N-ASF
εὔχεσθε,,,Pred,0.85,morph_inference,1,G2172,V-PDM-2P
εὗροντες,,,Pred,0.85,morph_inference,1,G2147,V-2AAP-NPM
εὶς,,PP,Cmpl,0.9,strong_phrase_map,1,G1519,PREP
εῖπεν,,,Pred,0.9,strong_phrase_map,1,G2036,V-2AAI-3S
εῖπον,,,Pred,0.9,strong_phrase_map,1,G2036,V-2AAI-3P
ζημιωθῃ,,,Pred,0.85,morph_inference,1,G2210,V-APS-3S
ζητοὺντες,,,Pred,0.85,morph_inference,1,G2212,V-PAP-NPM
θρόνοῦ,,NP,,0.85,morph_inference,1,G2362,N-GSM
θρῆνος,,NP,,0.85,morph_inference,1,G2355,N-NSM
θυγατερα,,NP,,0.85,morph_inference,1,G2364,N-ASF
θυγατρί,,NP,,0.85,morph_inference,1,G2364,N-DSF
θέλωσιν,,,Pred,0.85,morph_inference,1,G2309,V-PAS-3P
καίτοιγε,,,,0.8,morph_inference,1,G2544,PRT
καθαρίζον,,,Pred,0.85,morph_inference,1,G2511,V-PAP-NSN
καθηγητής,,NP,,0.85,morph_inference,1,G2519,N-NSM
καθιστῶντες,,,Pred,0.85,morph_inference,1,G2525,V-PAP-NPM
καθίσεσθε,,,Pred,0.85,morph_inference,1,G2523,V-FDI-2P
ζῳοποιεῖται,,,Pred,0.85,morph_inference,1,G2227,V-PPI-3S
ζῳοποιηθεὶς,,,Pred,0.85,morph_inference,1,G2227,V-APP-NSM
ζῳοποιηθήσονται,,,Pred,0.85,morph_inference,1,G2227,V-FPI-3P
ζῳοποιοῦντος,,,Pred,0.85,morph_inference,1,G2227,V-PAP-GSM
ζῳοποιήσει,,,Pred,0.85,morph_inference,1,G2227,V-FAI-3S
ζῳοποιῆσαι,,,Pred,0.85,morph_inference,1,G2227,V-AAN
κακοποιων,,AdjP,,0.75,morph_inference,1,G2555,A-GPM
κακὸποιός,,AdjP,,0.75,morph_inference,1,G2555,A-NSM
καταβαινέτω,,,Pred,0.85,morph_inference,1,G2597,V-PAM-3S
καταδουλώσωνται,,,Pred,0.85,morph_inference,1,G2615,V-AMS-3P
κατακολουθήσασα,,,Pred,0.85,morph_inference,1,G2628,V-AAP-NSF
κατακριθῆτε,,,Pred,0.85,morph_inference,1,G2632,V-APS-2P
καταλαβόμενος,,,Pred,0.85,morph_inference,1,G2638,V-2AMP-NSM
καταλαλῶσιν,,,Pred,0.85,morph_inference,1,G2635,V-PAS-3P
καταλίποντες,,,Pred,0.85,morph_inference,1,G2641,V-2AAP-NPM
καταμόνας,,AdvP,Cmpl,0.85,morph_inference,1,G2651,ADV
καταναθεματίζειν,,,Pred,0.85,morph_inference,1,G2653,V-PAN
θεομαχωμεν,,,Pred,0.85,morph_inference,1,G2313,V-PAS-1P
θεωροῦντι,,,Pred,0.85,morph_inference,1,G2334,V-PAP-DSM
θεωρήσωσιν,,,Pred,0.85,morph_inference,1,G2334,V-AAS-3P
θεὰν,,NP,,0.85,morph_inference,1,G2299,N-ASF
θηριῷ,,NP,,0.85,morph_inference,1,G2342,N-DSN
γεγραμμένη,,,Pred,0.85,morph_inference,1,G1125,V-RPP-NSF
γενεσίων,,NP,,0.85,morph_inference,1,G1077,N-GPN
γενήματά,,NP,,0.85,morph_inference,1,G1081,N-APN
γεύσεται,,,Pred,0.85,morph_inference,1,G1089,V-FDI-3S
γεύσονται,,,Pred,0.85,morph_inference,1,G1089,V-FDI-3P
γινέσθαι,,,Pred,0.85,morph_inference,1,G1096,V-PDN
κατελήφθην,,,Pred,0.85,morph_inference,1,G2638,V-API-1S
κατεργάσασθαι,,,Pred,0.85,morph_inference,1,G2716,V-ADN
κατεσκαμμένα,,,Pred,0.85,morph_inference,1,G2679,V-RPP-APN
κατείληφθη,,,Pred,0.85,morph_inference,1,G2638,V-API-3S
Λύδδης,,NP,,0.85,capital_name,1,G3069,N-GSF
Μαγδαλά,,NP,,0.85,capital_name,1,G3093,IND
καθίσησθε,,,Pred,0.85,morph_inference,1,G2523,V-ADS-2P
καθῆκον,,,Pred,0.85,morph_inference,1,G2520,V-PP-NSN
καιομένην,,,Pred,0.85,morph_inference,1,G2545,V-PPP-ASF
καιροί,,NP,,0.85,morph_inference,1,G2540,N-NPM
καταξιωθῆτε,,,Pred,0.85,morph_inference,1,G2661,V-APS-2P
καταπατήσωσιν,,,Pred,0.85,morph_inference,1,G2662,V-AAS-3P
καταπίῃ,,,Pred,0.85,morph_inference,1,G2666,V-2AAS-3S
κατατοξευθήσεται,,,Pred,0.85,morph_inference,1,G2700,V-FPI-3S
καταφθαρήσονται,,,Pred,0.85,morph_inference,1,G2704,V-PI-3P
κατεδίωξάν,,,Pred,0.85,morph_inference,1,G2614,V-AAI-3P
κατειχετο,,,Pred,0.85,morph_inference,1,G2722,V-IPI-3S
κατεκληροδότησεν,,,Pred,0.85,morph_inference,1,G2624,V-AAI-3S
δανείζετε,,,Pred,0.85,morph_inference,1,G1155,V-PAM-2P
δανείζητε,,,Pred,0.85,morph_inference,1,G1155,V-PAS-2P
δανείζουσιν,,,Pred,0.85,morph_inference,1,G1155,V-PAI-3P
δανείσασθαι,,,Pred,0.85,morph_inference,1,G1155,V-AMN
δαίμονος,,NP,,0.85,morph_inference,1,G1142,N-GSM
δεκα,,NP,,0.9,morph_inference,1,G1176,IND
γεγενημένα,,,Pred,0.85,morph_inference,1,G1080,V-RPP-NPN
γεγεννήμεθα,,,Pred,0.85,morph_inference,1,G1080,V-RPI-1P
καὶπερ,,,,0.85,morph_inference,1,G2539,CONJ
κειμένος,,,Pred,0.85,morph_inference,1,G2749,V-PDP-NSM
κεκαθαρμένους,,,Pred,0.85,morph_inference,1,G2508,V-RPP-APM
κεκαυτηριασμένων,,,Pred,0.85,morph_inference,1,G2743,V-RPP-GPM
κεκοπίακας,,,Pred,0.85,morph_inference,1,G2872,V-RAI-2S
Μαριὰ,,NP,,0.85,capital_name,1,G3137,N-NSF
Μαριᾴ,,NP,,0.85,capital_name,1,G3137,N-DSF
Μαρίαμ,,NP,,0.85,capital_name,1,G3137,IND
Ματθὰν,,NP,,0.85,capital_name,1,G3157,IND
Ματθάν,,NP,,0.85,capital_name,1,G3157,IND
Μαϊνάν,,NP,,0.85,capital_name,1,G3104,IND
Μεθ᾽,μετά,PP,Cmpl,0.95,elision_map,1,G3326,PREP
Μελχισεδέκ,,NP,,0.85,capital_name,1,G3198,IND
κατηγορῆσαι,,,Pred,0.85,morph_inference,1,G2723,V-AAN
κατορθωμάτων,,NP,,0.85,morph_inference,1,G2735,N-GPN
κατανάθεμα,,NP,,0.85,morph_inference,1,G2652,N-NSN
κλαύσονται,,,Pred,0.85,morph_inference,1,G2799,V-FDI-3P
κληρονομήσῃ,,,Pred,0.85,morph_inference,1,G2816,V-AAS-3S
κλητοί,,AdjP,,0.75,morph_inference,1,G2822,A-NPM
κλώμενον,,,Pred,0.85,morph_inference,1,G2806,V-PPP-NSN
κοινοῦν,,,Pred,0.85,morph_inference,1,G2840,V-PAP-NSN
κολακείας,,NP,,0.85,morph_inference,1,G2850,N-GSF
κατἐβλήθη,,,Pred,0.85,morph_inference,1,G2598,V-API-3S
κατἐργάζεται,,,Pred,0.85,morph_inference,1,G2716,V-PDI-3S
κατὰμόνας,,AdvP,Cmpl,0.85,morph_inference,1,G2651,ADV
κατάβα,,,Pred,0.85,morph_inference,1,G2597,V-2AAM-2S
κατάλειμμα,,NP,,0.85,morph_inference,1,G2640,N-NSN
κατέλιπόν,,,Pred,0.85,morph_inference,1,G2641,V-2AAI-1S
κατένωπιον,,PP,Cmpl,0.9,morph_inference,1,G2714,PREP
κατέστησας,,,Pred,0.85,morph_inference,1,G2525,V-AAI-2S
κατήγορος,,NP,,0.85,morph_inference,1,G2725,N-NSM
καυθήσωμαι,,,Pred,0.85,morph_inference,1,G2545,V-FPS-1S
κραζόντων,,,Pred,0.85,morph_inference,1,G2896,V-PAP-GPM
κριθῆς,,NP,,0.85,morph_inference,1,G2915,N-GSF
κρυπτόν,,AdjP,,0.75,morph_inference,1,G2927,A-ASN
κράζοντα,,,Pred,0.85,morph_inference,1,G2896,V-PAP-NPN
κρέμανται,,,Pred,0.85,morph_inference,1,G2910,V-PPI-3P
κτήσασθε,,,Pred,0.85,morph_inference,1,G2932,V-ADM-2P
κυβείᾳ,,NP,,0.85,morph_inference,1,G2940,N-DSF
κυλλόν,,AdjP,,0.75,morph_inference,1,G2948,A-ASM
κἀκείνοις,,NP,,0.8,morph_inference,1,G2548,D-PRO-DPM
κεκράξονται,,,Pred,0.85,morph_inference,1,G2896,V-DI-3P
κενώσῃ,,,Pred,0.85,morph_inference,1,G2758,V-AAS-3S
κερδηθήσωνται,,,Pred,0.85,morph_inference,1,G2770,V-APS-3P
κερδήσωμεν,,,Pred,0.85,morph_inference,1,G2770,V-AAS-1P
κηρίου,,NP,,0.85,morph_inference,1,G2781,N-GSN
κηρύξουσιν,,,Pred,0.85,morph_inference,1,G2784,V-FAI-3P
κινάμωμον,,NP,,0.85,morph_inference,1,G2792,N-ASN
κύκλοθεν,,AdvP,Cmpl,0.85,morph_inference,1,G2943,ADV
κώμῃ,,NP,,0.85,morph_inference,1,G2968,N-DSF
λαλεῖται,,,Pred,0.85,morph_inference,1,G2980,V-PMI-3S
λαλοῦσα,,,Pred,0.85,morph_inference,1,G2980,V-PAP-NSF
λαλήσαντος,,,Pred,0.85,morph_inference,1,G2980,V-AAP-GSM
λαλήσετε,,,Pred,0.85,morph_inference,1,G2980,V-FAI-2P
λαλήσωσιν,,,Pred,0.85,morph_inference,1,G2980,V-AAS-3P
λαμβανέτω,,,Pred,0.9,strong_phrase_map,1,G2983,V-PAM-3S
λαμμᾶ,,NP,,0.85,morph_inference,1,G2982,HEB
λαμπρὸς,,AdjP,,0.75,morph_inference,1,G2986,A-NSM
λεγεῶνα,,NP,,0.85,morph_inference,1,G3003,N-ASM
κομιούμενοι,,,Pred,0.85,morph_inference,1,G2865,V-FDP-NPM
κοῦμι,,NP,,0.85,morph_inference,1,G2891,ARA
κραββάτοις,,NP,,0.9,strong_phrase_map,1,G2895,N-DPM
κραββάτω,,NP,,0.9,strong_phrase_map,1,G2895,N-DSM
κραββάτων,,NP,,0.9,strong_phrase_map,1,G2895,N-GPM
λεῖμμα,,NP,,0.85,morph_inference,1,G3005,N-NSN
ληψόμεθα,,,Pred,0.9,strong_phrase_map,1,G2983,V-FDI-1P
λιθοβολήσαντες,,,Pred,0.85,morph_inference,1,G3036,V-AAP-NPM
λογισμούς,,NP,,0.85,morph_inference,1,G3053,N-APM
λογὸν,,NP,,0.85,morph_inference,1,G3056,N-ASM
λοιμοί,,NP,,0.85,morph_inference,1,G3061,N-NPM
λούσαντι,,,Pred,0.85,morph_inference,1,G3068,V-AAP-DSM
λάμψαι,,,Pred,0.85,morph_inference,1,G2989,V-AAN
λὲγει,,,Pred,0.85,morph_inference,1,G3004,V-PAI-3S
λὲγω,,,Pred,0.85,morph_inference,1,G3004,V-PAI-1S
λέγεῖ,,,Pred,0.85,morph_inference,1,G3004,V-PAI-3S
κέκμηκας,,,Pred,0.85,morph_inference,1,G2577,V-RAI-2S
κέρμα,,NP,,0.85,morph_inference,1,G2772,N-ASN
κόκκινῳ,,AdjP,,0.75,morph_inference,1,G2847,A-DSN
κόπριαν,,NP,,0.85,morph_inference,1,G2874,N-ASF
κὺλισμα,,NP,,0.85,morph_inference,1,G2946,N-ASN
λὶθος,,NP,,0.85,morph_inference,1,G3037,N-NSM
λίθῷ,,NP,,0.85,morph_inference,1,G3037,N-DSM
μαγείαις,,NP,,0.85,morph_inference,1,G3095,N-DPF
μαμμωνᾷ,,NP,,0.85,morph_inference,1,G3126,N-DSN
μαρτυρούμενοι,,,Pred,0.85,morph_inference,1,G3140,V-PMP-NPM
μεγαλειότητα,,NP,,0.85,morph_inference,1,G3168,N-ASF
μεγάλαυχεῖ,,,Pred,0.85,morph_inference,1,G3166,V-PAI-3S
μεγάλεῖα,,AdjP,,0.75,morph_inference,1,G3167,A-APN
μεθιστάνειν,,,Pred,0.85,morph_inference,1,G3179,V-PAN
μεθοδείαν,,NP,,0.85,morph_inference,1,G3180,N-ASF
μεθοδείας,,NP,,0.85,morph_inference,1,G3180,N-APF
λεγεῶνας,,NP,,0.85,morph_inference,1,G3003,N-APM
λεγόντας,,,Pred,0.85,morph_inference,1,G3004,V-PAP-APM
λεγόντος,,,Pred,0.85,morph_inference,1,G3004,V-PAP-GSM
λελουμένοι,,,Pred,0.85,morph_inference,1,G3068,V-RPP-NPM
λευκῇ,,AdjP,,0.75,morph_inference,1,G3022,A-DSF
μελλείν,,,Pred,0.85,morph_inference,1,G3195,V-PAN
μεμερίσται,,,Pred,0.85,morph_inference,1,G3307,V-RPI-3S
μεμιασμένοις,,,Pred,0.85,morph_inference,1,G3392,V-RPP-DPM
μεμνηστευμένην,,,Pred,0.85,morph_inference,1,G3423,V-RPP-ASF
μεμνηστευμένῃ,,,Pred,0.85,morph_inference,1,G3423,V-RPP-DSF
μεν,,,,0.8,morph_inference,1,G3303,PRT
μεταβαλλόμενοι,,,Pred,0.85,morph_inference,1,G3328,V-PMP-NPM
μεταστραφήτω,,,Pred,0.85,morph_inference,1,G3344,V-2APM-3S
μετενόησεν,,,Pred,0.85,morph_inference,1,G3340,V-AAI-3S
μετά,,PP,Cmpl,0.9,strong_phrase_map,1,G3326,PREP
μετάληψιν,,NP,,0.85,morph_inference,1,G3336,N-ASF
μεὶναντες,,,Pred,0.85,morph_inference,1,G3306,V-AAP-NPM
λέγεῖν,,,Pred,0.85,morph_inference,1,G3004,V-PAN
λέγοντων,,,Pred,0.85,morph_inference,1,G3004,V-PAP-GPM
λήψεως,,NP,,0.85,morph_inference,1,G3028,N-GSF
λὶθον,,NP,,0.85,morph_inference,1,G3037,N-ASM
βλασφημούμενοι,,,Pred,0.85,morph_inference,1,G987,V-PPP-NPM
βλασφημὶας,,NP,,0.85,morph_inference,1,G988,N-APF
βλεπόντες,,,Pred,0.85,morph_inference,1,G991,V-PAP-NPM
βλάψει,,,Pred,0.85,morph_inference,1,G984,V-FAI-3S
βλέψουσιν,,,Pred,0.85,morph_inference,1,G991,V-FAI-3P
βολίδι,,NP,,0.85,morph_inference,1,G1002,N-DSF
βοσκομένων,,,Pred,0.85,morph_inference,1,G1006,V-PPP-GPM
βουλευόμενος,,,Pred,0.85,morph_inference,1,G1011,V-PDP-NSM
βουλεύεται,,,Pred,0.85,morph_inference,1,G1011,V-PDI-3S
μάρτυρεῖτε,,,Pred,0.85,morph_inference,1,G3140,V-PAI-2P
μὲλλει,,,Pred,0.85,morph_inference,1,G3195,V-PAI-3S
μέγαλην,,AdjP,,0.75,morph_inference,1,G3173,A-ASF
μέλλοντές,,,Pred,0.85,morph_inference,1,G3195,V-PAP-NPM
μεθόρια,,NP,,0.85,morph_inference,1,G3181,N-APN
μελετᾶτε,,,Pred,0.85,morph_inference,1,G3191,V-PAM-2P
μελισσίου,,AdjP,,0.75,morph_inference,1,G3193,A-GSN
μη,,,,0.8,morph_inference,1,G3361,PRT
μητραλῴαις,,NP,,0.85,morph_inference,1,G3389,N-DPM
μητρόπολις,,NP,,0.85,morph_inference,1,G3390,N-NSF
μητὲ,,,,0.85,morph_inference,1,G3383,CONJ
μισοῦντας,,,Pred,0.85,morph_inference,1,G3404,V-PAP-APM
μνήμείοις,,NP,,0.85,morph_inference,1,G3419,N-DPN
μνῆματα,,NP,,0.85,morph_inference,1,G3418,N-APN
μοιχεία,,NP,,0.85,morph_inference,1,G3430,N-NSF
μοιχᾶσθαι,,,Pred,0.85,morph_inference,1,G3429,V-PDN
γινόνται,,,Pred,0.85,morph_inference,1,G1096,V-PDI-3P
γινώσκομαι,,,Pred,0.85,morph_inference,1,G1097,V-PPI-1S
γινώσκωμεν,,,Pred,0.85,morph_inference,1,G1097,V-PAS-1P
γνούς,,,Pred,0.85,morph_inference,1,G1097,V-2AAP-NSM
γνωριοῦσιν,,,Pred,0.85,morph_inference,1,G1107,V-FAI-3P
γυμνητεύομεν,,,Pred,0.85,morph_inference,1,G1130,V-PAI-1P
βλαστάνῃ,,,Pred,0.85,morph_inference,1,G985,V-PAS-3S
μέσῶ,,AdjP,,0.75,morph_inference,1,G3319,A-DSN
μέτωπων,,NP,,0.85,morph_inference,1,G3359,N-GPN
μὴτὲ,,,,0.85,morph_inference,1,G3383,CONJ
μήποτέ,,AdvP,Cmpl,0.9,strong_phrase_map,1,G3379,ADV
μόγις,,AdvP,Cmpl,0.85,morph_inference,1,G3425,ADV
μύλικὸς,,AdjP,,0.75,morph_inference,1,G3457,A-NSM
μύλον,,NP,,0.85,morph_inference,1,G3458,N-ASM
μύλωνι,,NP,,0.85,morph_inference,1,G3459,N-DSM
νενομοθέτητο,,,Pred,0.85,morph_inference,1,G3549,V-LPI-3S
νεοσσοὺς,,NP,,0.85,morph_inference,1,G3502,N-APM
νηφαλέους,,AdjP,,0.75,morph_inference,1,G3524,A-APM
νηφάλεον,,AdjP,,0.75,morph_inference,1,G3524,A-ASM
νικήσῃς,,,Pred,0.85,morph_inference,1,G3528,V-AAS-2S
νουθετῶ,,,Pred,0.85,morph_inference,1,G3560,V-PAI-1S
νουμηνίας,,NP,,0.85,morph_inference,1,G3561,N-GSF
μεῖζών,,AdjP,,0.75,morph_inference,1,G3187,A-NSM
νυνί,,AdvP,Cmpl,0.85,morph_inference,1,G3570,ADV
νὺν,,AdvP,Cmpl,0.85,morph_inference,1,G3568,ADV
νῦνὶ,,AdvP,Cmpl,0.85,morph_inference,1,G3570,ADV
ξυρήσωνται,,,Pred,0.85,morph_inference,1,G3587,V-ADS-3P
οκτὼ,,NP,,0.9,morph_inference,1,G3638,IND
οἰδατε,,,Pred,0.85,morph_inference,1,G1492,V-RAI-2P
οἰκοδομουμέναι,,,Pred,0.85,morph_inference,1,G3618,V-PPP-NPF
οἰκοδόμούντων,,,Pred,0.85,morph_inference,1,G3618,V-PAP-GPM
οἰκος,,NP,,0.85,morph_inference,1,G3624,N-NSM
οἰκουρούς,,AdjP,,0.75,morph_inference,1,G3626,A-APF
οἰκέτου,,NP,,0.85,morph_inference,1,G3610,N-GSM
οἰκός,,NP,,0.85,morph_inference,1,G3624,N-NSM
οἰνος,,NP,,0.85,morph_inference,1,G3631,N-NSM
οἵου,,NP,,0.8,morph_inference,1,G3634,COR-GSN
οἶκὶαν,,NP,,0.85,morph_inference,1,G3614,N-ASF
οὐδε,,AdvP,Cmpl,0.85,morph_inference,1,G3761,ADV
παντές,,NP,,0.9,strong_phrase_map,1,G3956,A-NPM
παραβαίνων,,,Pred,0.85,morph_inference,1,G3845,V-PAP-NSM
παραβολής,,NP,,0.85,morph_inference,1,G3850,N-GSF
παραβουλευσάμενος,,,Pred,0.85,morph_inference,1,G3851,V-ADP-NSM
οὐδεμια,,AdjP,,0.75,morph_inference,1,G3762,A-NSF
οὐδέ,,AdvP,Cmpl,0.85,morph_inference,1,G3761,ADV
οὐδ᾽,οὐδέ,,,0.95,elision_map,1,G3761,ADV
οὐρανοις,,NP,,0.85,morph_inference,1,G3772,N-DPM
οὐρανῳ,,NP,,0.85,morph_inference,1,G3772,N-DSM
οὐτοὶ,,NP,,0.9,strong_phrase_map,1,G3778,D-PRO-NPM
οὐτὸς,,NP,,0.9,strong_phrase_map,1,G3778,D-PRO-NSM
οὐχι,,,,0.8,morph_inference,1,G3780,PRT
οὑτοί,,NP,,0.9,strong_phrase_map,1,G3778,D-PRO-NPM
οὒτε,,,,0.85,morph_inference,1,G3777,CONJ
οὔδε,,AdvP,Cmpl,0.85,morph_inference,1,G3761,ADV
οὕτος,,NP,,0.9,strong_phrase_map,1,G3778,D-PRO-NSM
παραλήψομαι,,,Pred,0.85,morph_inference,1,G3880,V-FDI-1S
παραρρυῶμεν,,,Pred,0.85,morph_inference,1,G3901,V-2AAS-1P
παραχρῆμά,,AdvP,Cmpl,0.85,morph_inference,1,G3916,ADV
παρεδίδοτο,,,Pred,0.85,morph_inference,1,G3860,V-IPI-3S
οὖ,,,,0.8,morph_inference,1,G3756,PRT
οὖκ,,,,0.8,morph_inference,1,G3756,PRT
οὖτε,,,,0.85,morph_inference,1,G3777,CONJ
οὺν,,,,0.9,strong_phrase_map,1,G3767,CONJ
οῦν,,,,0.9,strong_phrase_map,1,G3767,CONJ
παιδαρίοις,,NP,,0.85,morph_inference,1,G3808,N-DPN
παλιγγενεσίας,,NP,,0.85,morph_inference,1,G3824,N-GSF
παλιγγενεσίᾳ,,NP,,0.85,morph_inference,1,G3824,N-DSF
παμπληθεὶ,,AdvP,Cmpl,0.85,morph_inference,1,G3826,ADV
παμπολλοῦ,,AdjP,,0.75,morph_inference,1,G3827,A-GSM
πανοικὶ,,AdvP,Cmpl,0.85,morph_inference,1,G3832,ADV
πανταχόθεν,,AdvP,Cmpl,0.85,morph_inference,1,G3836,ADV
παρέξει,,,Pred,0.85,morph_inference,1,G3930,V-FAI-3S
παρίστησιν,,,Pred,0.85,morph_inference,1,G3936,V-PAI-3S
παρῆγεν,,,Pred,0.85,morph_inference,1,G3855,V-IAI-3S
πατραλῴαις,,NP,,0.85,morph_inference,1,G3964,N-DPM
πατάσσῃ,,,Pred,0.85,morph_inference,1,G3960,V-AAS-3S
πατὲρα,,NP,,0.85,morph_inference,1,G3962,N-ASM
πεισθέντες,,,Pred,0.85,morph_inference,1,G3982,V-APP-NPM
παραβάλωμεν,,,Pred,0.85,morph_inference,1,G3846,V-2AAS-1P
παραδεδωκόσιν,,,Pred,0.85,morph_inference,1,G3860,V-RAP-DPM
παραδειγματίσαι,,,Pred,0.85,morph_inference,1,G3856,V-AAN
παραδείσου,,NP,,0.85,morph_inference,1,G3857,N-GSM
παραδιατριβαὶ,,NP,,0.85,morph_inference,1,G3859,N-NPF
παραδιδῶσιν,,,Pred,0.85,morph_inference,1,G3860,V-PAS-3P
παραθήσομαι,,,Pred,0.85,morph_inference,1,G3908,V-FDI-1S
παρακαθίσασα,,,Pred,0.85,morph_inference,1,G3869,V-AAP-NSF
παραληφθησεται,,,Pred,0.85,morph_inference,1,G3880,V-FPI-3S
περιπεπατήκει,,,Pred,0.85,morph_inference,1,G4043,V-LAI-3S
περιρρήξαντες,,,Pred,0.85,morph_inference,1,G4048,V-AAP-NPM
περισσεύουσιν,,,Pred,0.85,morph_inference,1,G4052,V-PAI-3P
περιφερόμεναι,,,Pred,0.85,morph_inference,1,G4064,V-PPP-NPF
περιφέρεσθε,,,Pred,0.85,morph_inference,1,G4064,V-PPM-2P
περιέχουσαν,,,Pred,0.85,morph_inference,1,G4023,V-PAP-ASF
περίλυπον,,AdjP,,0.75,morph_inference,1,G4036,A-ASM
πετωμένοις,,,Pred,0.85,morph_inference,1,G4072,V-PDP-DPN
παρεισέδυσαν,,,Pred,0.85,morph_inference,1,G3921,V-AAI-3P
παρελθέτω,,,Pred,0.85,morph_inference,1,G3928,V-2AAM-3S
παρενεγκεῖν,,,Pred,0.85,morph_inference,1,G3911,V-2AAN
παρεστηκόσιν,,,Pred,0.85,morph_inference,1,G3936,V-RAP-DPM
παρετηροῦν,,,Pred,0.85,morph_inference,1,G3906,V-IAI-3P
παρεῖχον,,,Pred,0.85,morph_inference,1,G3930,V-IAI-3P
παρηκολούθηκάς,,,Pred,0.85,morph_inference,1,G3877,V-RAI-2S
παροξυσμὸς,,NP,,0.85,morph_inference,1,G3948,N-NSM
πλεονεξίαις,,NP,,0.85,morph_inference,1,G4124,N-DPF
πλεῖονα,,AdjP,,0.75,morph_inference,1,G4119,A-APN
πληθυναῖ,,,Pred,0.85,morph_inference,1,G4129,V-AAO-3S
πλημμύρας,,NP,,0.85,morph_inference,1,G4132,N-GSF
πληρεις,,AdjP,,0.75,morph_inference,1,G4134,A-APM
πληροῦται,,,Pred,0.85,morph_inference,1,G4137,V-PPI-3S
πληρωσονται,,,Pred,0.85,morph_inference,1,G4137,V-FDI-3P
πλήσαντες,,,Pred,0.85,morph_inference,1,G4130,V-AAP-NPM
πεντηκοντατριῶν,,AdjP,,0.75,morph_inference,1,G4004,A-GPM
πεπειραμένον,,,Pred,0.85,morph_inference,1,G3987,V-RPP-ASM
πεπυρωμένοι,,,Pred,0.85,morph_inference,1,G4448,V-RPP-NPM
πεπώρωκεν,,,Pred,0.85,morph_inference,1,G4456,V-RAI-3S
περιβαλοῦσιν,,,Pred,0.85,morph_inference,1,G4016,V-FAI-3P
περιδραμόντες,,,Pred,0.85,morph_inference,1,G4063,V-2AAP-NPM
περιπατήσαντες,,,Pred,0.85,morph_inference,1,G4043,V-AAP-NPM
περιπατήσει,,,Pred,0.85,morph_inference,1,G4043,V-FAI-3S
πορρωτέρω,,AdvP,Cmpl,0.85,morph_inference,1,G4208,ADV
πορφύρᾳ,,NP,,0.85,morph_inference,1,G4209,N-DSF
ποτὴριον,,NP,,0.85,morph_inference,1,G4221,N-NSN
ποὶα,,NP,,0.8,morph_inference,1,G4169,INT-DSF
προαιρεῖται,,,Pred,0.85,morph_inference,1,G4255,V-PDI-3S
προεβίβασαν,,,Pred,0.85,morph_inference,1,G4264,V-AAI-3P
προειρηκέναι,,,Pred,0.85,morph_inference,1,G4280,V-RAN
προεφητεύσαμεν,,,Pred,0.85,morph_inference,1,G4395,V-AAI-1P
προεφήτευον,,,Pred,0.85,morph_inference,1,G4395,V-IAI-3P
πετωμένου,,,Pred,0.85,morph_inference,1,G4072,V-PDP-GSM
πετωμένῳ,,,Pred,0.85,morph_inference,1,G4072,V-PDP-DSM
πετώμενον,,,Pred,0.85,morph_inference,1,G4072,V-PDP-ASM
πιστευσόντων,,,Pred,0.85,morph_inference,1,G4100,V-FAP-GPM
πιστεύσατε,,,Pred,0.85,morph_inference,1,G4100,V-AAM-2P
πλανώμενα,,,Pred,0.85,morph_inference,1,G4105,V-PPP-NPN
πλανᾶσθαι,,,Pred,0.85,morph_inference,1,G4105,V-PPN
προσαναλώσασα,,,Pred,0.85,morph_inference,1,G4321,V-AAP-NSF
προσεγγίσαι,,,Pred,0.85,morph_inference,1,G4331,V-AAN
προσεδρεύοντες,,,Pred,0.85,morph_inference,1,G4332,V-PAP-NPM
προσειργάσατο,,,Pred,0.85,morph_inference,1,G4333,V-ADI-3S
προσεκολλήθη,,,Pred,0.85,morph_inference,1,G4347,V-API-3S
προσεποιεῖτο,,,Pred,0.85,morph_inference,1,G4364,V-IMI-3S
προσευχή,,NP,,0.85,morph_inference,1,G4335,N-NSF
προσεύχομενοι,,,Pred,0.85,morph_inference,1,G4336,V-PDP-NPM
προσηυξάμεθα,,,Pred,0.85,morph_inference,1,G4336,V-ADI-1P
ποιησόμεν,,,Pred,0.85,morph_inference,1,G4160,V-FAI-1P
ποιήσαι,,,Pred,0.85,morph_inference,1,G4160,V-AAN
ποιήσειαν,,,Pred,0.85,morph_inference,1,G4160,V-AAO-3P
πολυ,,AdjP,,0.75,morph_inference,1,G4183,A-NSN
πορευθέντα,,,Pred,0.85,morph_inference,1,G4198,V-ADP-ASM
πορευομέναι,,,Pred,0.85,morph_inference,1,G4198,V-PDP-NPF
πορευσώμεθα,,,Pred,0.85,morph_inference,1,G4198,V-ADS-1P
βαπτίστου,,NP,,0.85,morph_inference,1,G910,N-GSM
βαπτίσωνται,,,Pred,0.85,morph_inference,1,G907,V-AMS-3P
βαρυνθῶσιν,,,Pred,0.85,morph_inference,1,G925,V-APS-3P
βασανισθῶσιν,,,Pred,0.85,morph_inference,1,G928,V-APS-3P
βασιλεύσομεν,,,Pred,0.85,morph_inference,1,G936,V-FAI-1P
προσώπον,,NP,,0.85,morph_inference,1,G4383,N-ASN
προσῆλθόν,,,Pred,0.85,morph_inference,1,G4334,V-AAI-3P
προτεταγμένους,,,Pred,0.85,morph_inference,1,G4384,V-RPP-APM
προέτεινεν,,,Pred,0.85,morph_inference,1,G4385,V-AAI-3S
πρωίᾳ,,NP,,0.85,morph_inference,1,G4405,N-NSF
προεφήτευσαν,,,Pred,0.85,morph_inference,1,G4395,V-AAI-3P
προκατηγγελμένην,,,Pred,0.85,morph_inference,1,G4293,V-RPP-ASF
προκατήγγειλαν,,,Pred,0.85,morph_inference,1,G4293,V-AAI-3P
προκεκηρυγμένον,,,Pred,0.85,morph_inference,1,G4296,V-RPP-ASM
προληφθῇ,,,Pred,0.85,morph_inference,1,G4301,V-APS-3S
προνοοῦμενοι,,,Pred,0.85,morph_inference,1,G4306,V-PMP-NPM
προσλαβεῖν,,,Pred,0.85,morph_inference,1,G4355,V-2AAN
προσφέρωσιν,,,Pred,0.85,morph_inference,1,G4374,V-PAS-3P
προσωποληπτεῖτε,,,Pred,0.85,morph_inference,1,G4380,V-PAI-2P
προσωποληψίαις,,NP,,0.85,morph_inference,1,G4382,N-DPF
προσωπολήπτης,,NP,,0.85,morph_inference,1,G4381,N-NSM
προσέπεσον,,,Pred,0.85,morph_inference,1,G4363,V-2AAI-3P
προσέπιπτεν,,,Pred,0.85,morph_inference,1,G4363,V-IAI-3S
βουλή,,NP,,0.85,morph_inference,1,G1012,N-NSF
βάλειν,,,Pred,0.85,morph_inference,1,G906,V-2AAN
βέβληκεν,,,Pred,0.85,morph_inference,1,G906,V-RAI-3S
βύσσου,,NP,,0.85,morph_inference,1,G1040,N-GSF
γαμηθῆ,,,Pred,0.85,morph_inference,1,G1060,V-APS-3S
βαθέος,,AdjP,,0.75,morph_inference,1,G901,A-GSM
βαλαντίου,,NP,,0.85,morph_inference,1,G905,N-GSN
βαλάντια,,NP,,0.85,morph_inference,1,G905,N-APN
βαλόντων,,,Pred,0.85,morph_inference,1,G906,V-2AAP-GPM
πάσαν,,NP,,0.9,strong_phrase_map,1,G3956,A-ASF
πράττειν,,,Pred,0.85,morph_inference,1,G4238,V-PAN
πράττουσιν,,,Pred,0.85,morph_inference,1,G4238,V-PAI-3P
πρὸσλαβοῦ,,,Pred,0.85,morph_inference,1,G4355,V-2AMM-2S
πρόσληψις,,NP,,0.85,morph_inference,1,G4356,N-NSF
πρώρας,,NP,,0.85,morph_inference,1,G4408,N-GSF
πρώτον,,AdvP,Cmpl,0.85,morph_inference,1,G4412,ADV
πρώϊμον,,AdjP,,0.75,morph_inference,1,G4406,A-ASM
πρᾳέος,,AdjP,,0.75,morph_inference,1,G4239,A-GSN
πρᾳότης,,NP,,0.85,morph_inference,1,G4236,N-NSF
πρᾶότητι,,NP,,0.85,morph_inference,1,G4236,N-DSF
πρᾷός,,NP,,0.85,morph_inference,1,G4235,N-NSM
πταίσει,,,Pred,0.85,morph_inference,1,G4417,V-FAI-3S
Κίς,,NP,,0.85,capital_name,1,G2797,IND
προσκυνοῦσιν,,,Pred,0.85,morph_inference,1,G4352,V-PAI-3P
προσκυνήσαντες,,,Pred,0.85,morph_inference,1,G4352,V-AAP-NPM
σείω,,,Pred,0.85,morph_inference,1,G4579,V-PAI-1S
σηρικοῦ,,AdjP,,0.75,morph_inference,1,G4596,A-GSN
σθενώσαι,,,Pred,0.85,morph_inference,1,G4599,V-AAO-3S
σκηνή,,NP,,0.85,morph_inference,1,G4633,N-NSF
σκότῳ,,NP,,0.85,morph_inference,1,G4655,N-DSM
σοφῶ,,AdjP,,0.75,morph_inference,1,G4680,A-DSM
Κῶν,,NP,,0.85,capital_name,1,G2972,N-ASF
Λαοδίκειαν,,NP,,0.85,capital_name,1,G2993,N-ASF
Λεββαῖος,,NP,,0.85,capital_name,1,G3002,N-NSM
Λεγεὼν,,NP,,0.85,capital_name,1,G3003,N-NSM
Λεγεών,,NP,,0.85,capital_name,1,G3003,N-NSM
Λευιτικῆς,,NP,,0.85,capital_name,1,G3020,A-GSF
Λευὶς,,NP,,0.85,capital_name,1,G3018,N-NSM
Λευίτας,,NP,,0.85,capital_name,1,G3019,N-APM
Λουκᾶ,,NP,,0.85,capital_name,1,G3065,N-GSM
πυθέσθαι,,,Pred,0.85,morph_inference,1,G4441,V-2ADN
αὑτη,,NP,,0.9,strong_phrase_map,1,G3778,D-PRO-NSF
αὑτῆς,,NP,,0.9,strong_phrase_map,1,G846,P-GSF
συγγενεία,,NP,,0.85,morph_inference,1,G4772,N-DSF
συγγενής,,AdjP,,0.75,morph_inference,1,G4773,A-NSF
συγγνώμην,,NP,,0.85,morph_inference,1,G4774,N-ASF
συγκαθισάντων,,,Pred,0.85,morph_inference,1,G4776,V-AAP-GPM
συγκαθήμενοι,,,Pred,0.85,morph_inference,1,G4775,V-PDP-NPM
πὲρι,,PP,Cmpl,0.9,strong_phrase_map,1,G4012,PREP
πέπωκεν,,,Pred,0.85,morph_inference,1,G4095,V-RAI-3S
πέτραιςμ,,NP,,0.85,morph_inference,1,G4073,N-DPF
πίειν,,,Pred,0.85,morph_inference,1,G4095,V-2AAN
ρμδ᾽,,NP,,0.9,morph_inference,1,G1540,IND
σαρδίνῳ,,NP,,0.85,morph_inference,1,G4555,N-DSM
σαρκίκης,,AdjP,,0.75,morph_inference,1,G4559,A-GSF
σαυτὸν,,NP,,0.85,morph_inference,1,G4572,REF-ASM
σειραῖς,,NP,,0.85,morph_inference,1,G4577,N-DPF
σπείροντος,,,Pred,0.85,morph_inference,1,G4687,V-PAP-GSM
σταυρόν,,NP,,0.85,morph_inference,1,G4716,N-ASM
στοιβάδας,,NP,,0.85,morph_inference,1,G4746,N-APF
στολαὶ,,NP,,0.85,morph_inference,1,G4749,N-NPF
στρατοπεδάρχῃ,,NP,,0.85,morph_inference,1,G4759,N-DSM
στραφείς,,,Pred,0.85,morph_inference,1,G4762,V-2APP-NSM
συ,,NP,,0.85,morph_inference,1,G4771,P-NS
βασιλεῖαι,,NP,,0.85,morph_inference,1,G932,N-NPF
βαστάσασιν,,,Pred,0.85,morph_inference,1,G941,V-AAP-DPM
βατράχοις,,NP,,0.85,morph_inference,1,G944,N-DPM
βαττολογήσητε,,,Pred,0.85,morph_inference,1,G945,V-AAS-2P
βεβαρήμενοι,,,Pred,0.85,morph_inference,1,G916,V-RPP-NPM
αὐξήσαι,,,Pred,0.85,morph_inference,1,G837,V-AAO-3S
αὐτοίς,,NP,,0.9,strong_phrase_map,1,G846,P-DPM
αὐτοῦς,,NP,,0.9,strong_phrase_map,1,G846,P-APM
αὐτή,,NP,,0.9,strong_phrase_map,1,G846,P-DSF
συζητητὴς,,NP,,0.85,morph_inference,1,G4804,N-NSM
συγκαθήμενος,,,Pred,0.85,morph_inference,1,G4775,V-PDP-NSM
συγκακοπάθησον,,,Pred,0.85,morph_inference,1,G4777,V-AAM-2S
συγκακουχεῖσθαι,,,Pred,0.85,morph_inference,1,G4778,V-PDN
συγκαλεῖ,,,Pred,0.85,morph_inference,1,G4779,V-PAI-3S
συγκαλεῖται,,,Pred,0.85,morph_inference,1,G4779,V-PMI-3S
συγκαλοῦσιν,,,Pred,0.85,morph_inference,1,G4779,V-PAI-3P
συγκαλέσασθαι,,,Pred,0.85,morph_inference,1,G4779,V-AMN
συγκαταβάντες,,,Pred,0.85,morph_inference,1,G4782,V-2AAP-NPM
συγκατατεθειμένος,,,Pred,0.85,morph_inference,1,G4784,V-RDP-NSM
συγκατεψηφίσθη,,,Pred,0.85,morph_inference,1,G4785,V-API-3S
συγκατάθεσις,,NP,,0.85,morph_inference,1,G4783,N-NSF
συγκεκλεισμένοι,,,Pred,0.85,morph_inference,1,G4788,V-RPP-NPM
συγκεκραμένος,,,Pred,0.85,morph_inference,1,G4786,V-RPP-NSM
συγκληρονόμα,,AdjP,,0.75,morph_inference,1,G4789,A-APN
σπεκουλάτωρα,,NP,,0.85,morph_inference,1,G4688,N-ASM
συλλυπούμενος,,,Pred,0.85,morph_inference,1,G4818,V-PDP-NSM
συλλήψῃ,,,Pred,0.85,morph_inference,1,G4815,V-FDI-2S
συμβασιλεύσομεν,,,Pred,0.85,morph_inference,1,G4821,V-FAI-1P
συμβασιλεύσωμεν,,,Pred,0.85,morph_inference,1,G4821,V-AAS-1P
συγκληρονόμων,,AdjP,,0.75,morph_inference,1,G4789,A-GPM
συγκοινωνεῖτε,,,Pred,0.85,morph_inference,1,G4790,V-PAM-2P
συγκοινωνούς,,AdjP,,0.75,morph_inference,1,G4791,A-APM
συγκοινωνήσαντές,,,Pred,0.85,morph_inference,1,G4790,V-AAP-NPM
συγκοινωνήσητε,,,Pred,0.85,morph_inference,1,G4790,V-AAS-2P
συγκρῖναι,,,Pred,0.85,morph_inference,1,G4793,V-AAN
συγκέχυται,,,Pred,0.85,morph_inference,1,G4797,V-RPI-3S
συγκύπτουσα,,,Pred,0.85,morph_inference,1,G4794,V-PAP-NSF
συγχαίρετέ,,,Pred,0.85,morph_inference,1,G4796,V-PAM-2P
συγχαίρω,,,Pred,0.85,morph_inference,1,G4796,V-PAI-1S
συγχρῶνται,,,Pred,0.85,morph_inference,1,G4798,V-PDI-3P
συζητεῖτε,,,,0.9,strong_phrase_map,1,G4802,V-PAI-2P
συμμέτοχα,,AdjP,,0.75,morph_inference,1,G4830,A-APN
συμμέτοχοι,,AdjP,,0.75,morph_inference,1,G4830,A-NPM
συμπαθῆσαι,,,Pred,0.85,morph_inference,1,G4834,V-AAN
συμπαραγενόμενοι,,,Pred,0.85,morph_inference,1,G4836,V-2ADP-NPM
συμπαρακληθῆναι,,,Pred,0.85,morph_inference,1,G4837,V-APN
συμπαραλαβόντες,,,Pred,0.85,morph_inference,1,G4838,V-2AAP-NPM
συμπαραλαβὼν,,,Pred,0.85,morph_inference,1,G4838,V-2AAP-NSM
συζητούντων,,,,0.9,strong_phrase_map,1,G4802,V-PAP-GPM
συζητοῦντας,,,,0.9,strong_phrase_map,1,G4802,V-PAP-APM
συζήτησιν,,NP,,0.85,morph_inference,1,G4803,N-ASF
συζῆν,,,Pred,0.85,morph_inference,1,G4800,V-PAN
συκομωραίαν,,NP,,0.85,morph_inference,1,G4809,N-ASF
συλλαλήσας,,,Pred,0.85,morph_inference,1,G4814,V-AAP-NSM
συλλαμβάνου,,,Pred,0.85,morph_inference,1,G4815,V-PMM-2S
συλληφθέντα,,,Pred,0.85,morph_inference,1,G4815,V-APP-ASM
συλληφθῆναι,,,Pred,0.85,morph_inference,1,G4815,V-APN
συμπορεύονται,,,Pred,0.85,morph_inference,1,G4848,V-PDI-3P
συμπρεσβύτερος,,NP,,0.85,morph_inference,1,G4850,N-NSM
συμπάσχει,,,Pred,0.85,morph_inference,1,G4841,V-PAI-3S
συμπάσχομεν,,,Pred,0.85,morph_inference,1,G4841,V-PAI-1P
συμφυεῖσαι,,,Pred,0.85,morph_inference,1,G4855,V-2APP-NPF
συμφωνει,,,Pred,0.85,morph_inference,1,G4856,V-PAI-3S
συνακολουθήσασαι,,,Pred,0.85,morph_inference,1,G4870,V-AAP-NPF
συναναμίγνυσθε,,,Pred,0.85,morph_inference,1,G4874,V-PMM-2P
συναξεῖ,,,Pred,0.85,morph_inference,1,G4863,V-FAI-3S
συναχθήσεται,,,Pred,0.85,morph_inference,1,G4863,V-FPI-3S
συμβιβασθέντων,,,Pred,0.85,morph_inference,1,G4822,V-APP-GPM
συμβάλλουσα,,,Pred,0.85,morph_inference,1,G4820,V-PAP-NSF
συμμαθηταῖς,,NP,,0.85,morph_inference,1,G4827,N-DPM
συμμαρτυρεῖ,,,Pred,0.85,morph_inference,1,G4828,V-PAI-3S
συμμερίζονται,,,Pred,0.85,morph_inference,1,G4829,V-PDI-3P
συμμορφούμενος,,,Pred,0.85,morph_inference,1,G4833,V-PPP-NSM
συνιοῦσιν,,,Pred,0.85,morph_inference,1,G4920,V-PAI-3P
συνιέντες,,,Pred,0.85,morph_inference,1,G4920,V-PAP-NPM
συνιών,,,Pred,0.85,morph_inference,1,G4920,V-PAP-NSM
συντετμημένον,,,Pred,0.85,morph_inference,1,G4932,V-RPP-ASM
συντετριμμένους,,,Pred,0.85,morph_inference,1,G4937,V-RPP-APM
συνάγεσθε,,,Pred,0.85,morph_inference,1,G4863,V-PPM-2P
συνάντησιν,,NP,,0.85,morph_inference,1,G4877,N-ASF
συνέβαινον,,,Pred,0.85,morph_inference,1,G4819,V-IAI-3P
συνέβαλεν,,,Pred,0.85,morph_inference,1,G4820,V-2AAI-3S
συνέβαλον,,,Pred,0.85,morph_inference,1,G4820,V-2AAI-3P
συμπαραμενῶ,,,Pred,0.85,morph_inference,1,G4839,V-FAI-1S
συμπαρεγένετο,,,Pred,0.85,morph_inference,1,G4836,V-2ADI-3S
συμπαρόντες,,,Pred,0.85,morph_inference,1,G4840,V-PP-NPM
συμπνίγονται,,,Pred,0.85,morph_inference,1,G4846,V-PPI-3P
συμπνίγουσιν,,,Pred,0.85,morph_inference,1,G4846,V-PAI-3P
συμπολῖται,,NP,,0.85,morph_inference,1,G4847,N-NPM
συσταυρωθέντος,,,Pred,0.85,morph_inference,1,G4957,V-APP-GSM
συστενάζει,,,Pred,0.85,morph_inference,1,G4959,V-PAI-3S
συστοιχεῖ,,,Pred,0.85,morph_inference,1,G4960,V-PAI-3S
συστρατιώτην,,NP,,0.85,morph_inference,1,G4961,N-ASM
συσχηματίζεσθε,,,Pred,0.85,morph_inference,1,G4964,V-PM-2P
σφραγὶς,,NP,,0.85,morph_inference,1,G4973,N-NSF
σφραγίζωμεν,,,Pred,0.85,morph_inference,1,G4972,V-PAS-1P
σφραγίσεται,,,Pred,0.85,morph_inference,1,G4972,V-FDI-3S
σφάξωσιν,,,Pred,0.85,morph_inference,1,G4969,V-AAS-3P
σφῦρα,,NP,,0.85,morph_inference,1,G4974,N-NPN
σχολάζητε,,,Pred,0.85,morph_inference,1,G4980,V-PAS-2P
συνεζωποίησεν,,,Pred,0.85,morph_inference,1,G4806,V-AAI-3S
συνειδυίας,,,Pred,0.85,morph_inference,1,G4894,V-RAP-GSF
συνετέλεσεν,,,Pred,0.85,morph_inference,1,G4931,V-AAI-3S
συνείληφυῖα,,,Pred,0.85,morph_inference,1,G4815,V-RAP-NSF
συνηθροισμένους,,,Pred,0.85,morph_inference,1,G4867,V-RPP-APM
σύγκαμψον,,,Pred,0.85,morph_inference,1,G4781,V-AAM-2S
σύζυγε,,AdjP,,0.75,morph_inference,1,G4805,A-VSM
σύμφερον,,,Pred,0.85,morph_inference,1,G4851,V-PAP-ASN
σύμφημι,,,Pred,0.85,morph_inference,1,G4852,V-PI-1S
σύμψυχοι,,AdjP,,0.75,morph_inference,1,G4861,A-NPM
σύσσωμα,,AdjP,,0.75,morph_inference,1,G4954,A-APN
σῖτά,,NP,,0.85,morph_inference,1,G4621,N-APM
σῴζεται,,,Pred,0.85,morph_inference,1,G4982,V-PPI-3S
ταμιεῖόν,,NP,,0.85,morph_inference,1,G5009,N-NSN
ταραχαί,,NP,,0.85,morph_inference,1,G5016,N-NPF
ταὐτὰ,,NP,,0.8,morph_inference,1,G5023,D-PRO-APN
συνέχυνεν,,,Pred,0.85,morph_inference,1,G4797,V-IAI-3S
συνήλασεν,,,Pred,0.85,morph_inference,1,G4900,V-AAI-3S
συνίστων,,,Pred,0.85,morph_inference,1,G4921,V-PAP-NSM
συστασιαστῶν,,NP,,0.85,morph_inference,1,G4955,N-GPM
συσταυρωθέντες,,,Pred,0.85,morph_inference,1,G4957,V-APP-NPM
απέθανεν,,,Pred,0.9,strong_phrase_map,1,G599,V-2AAI-3S
απέκρυψας,,,Pred,0.85,morph_inference,1,G613,V-AAI-2S
αρχῆς,,NP,,0.85,morph_inference,1,G746,N-GSF
αυτῶν,,NP,,0.9,strong_phrase_map,1,G846,P-GPM
αφεθησεται,,,Pred,0.85,morph_inference,1,G863,V-FPI-3S
αἰτιάματα,,NP,,0.85,morph_inference,1,G157,N-APN
αἰτήσομαι,,,Pred,0.85,morph_inference,1,G154,V-FMI-1S
αἰχμαλωτεύοντες,,,Pred,0.85,morph_inference,1,G162,V-PAP-NPM
τετηρήκασιν,,,Pred,0.85,morph_inference,1,G5083,V-RAI-3P
τετηρήκεν,,,Pred,0.85,morph_inference,1,G5083,V-RAI-3S
τετράμηνόν,,AdjP,,0.75,morph_inference,1,G5072,A-NSN
τετράρχου,,NP,,0.85,morph_inference,1,G5076,N-GSM
σχίζει,,,Pred,0.85,morph_inference,1,G4977,V-PAI-3S
σωζομένων,,,Pred,0.85,morph_inference,1,G4982,V-PPP-GPM
σάρδιος,,NP,,0.85,morph_inference,1,G4556,N-NSM
σάρκικός,,AdjP,,0.75,morph_inference,1,G4559,A-NSM
τυρβάζῃ,,,Pred,0.85,morph_inference,1,G5182,V-PPI-2S
ταὐτῆς,,NP,,0.9,strong_phrase_map,1,G3778,D-PRO-GSF
ταύτη,,NP,,0.9,strong_phrase_map,1,G3778,D-PRO-DSF
τεθνηκώς,,,Pred,0.85,morph_inference,1,G2348,V-RAP-NSM
τεθνάναι,,,Pred,0.85,morph_inference,1,G2348,V-2RAN
τελειοῦται,,,Pred,0.85,morph_inference,1,G5048,V-PPI-3S
τεσσαρακονταετὴς,,AdjP,,0.75,morph_inference,1,G5063,A-NSM
τεσσαρακονταετῆ,,AdjP,,0.75,morph_inference,1,G5063,A-ASM
τετηρημένους,,,Pred,0.85,morph_inference,1,G5083,V-RPP-APM
αὔτοις,,NP,,0.9,strong_phrase_map,1,G846,P-DPN
αὖτοῖς,,NP,,0.9,strong_phrase_map,1,G846,P-DPM
αὖτὸν,,NP,,0.9,strong_phrase_map,1,G846,P-ASM
αὖτῷ,,NP,,0.9,strong_phrase_map,1,G846,P-DSM
αὗτος,,NP,,0.9,strong_phrase_map,1,G846,P-NSM
αλλα,,,,0.9,strong_phrase_map,1,G235,CONJ
αναβλέψαι,,,Pred,0.85,morph_inference,1,G308,V-AAN
τῳ,,NP,,0.9,strong_phrase_map,1,G3588,T-DSM
τῶ,,NP,,0.9,strong_phrase_map,1,G3588,T-DSM
υιῷ,,NP,,0.85,morph_inference,1,G5207,N-DSM
τιμιώτερον,,AdjP,,0.75,morph_inference,1,G5093,A-NSN
τιμήσῃ,,,Pred,0.85,morph_inference,1,G5091,V-AAS-3S
τολμηρότερον,,AdvP,Cmpl,0.85,morph_inference,1,G5112,ADV
τον,,NP,,0.9,strong_phrase_map,1,G3588,T-ASM
τοσοῦτόν,,NP,,0.8,morph_inference,1,G5118,D-PRO-NSN
τοὐτοῦ,,NP,,0.8,morph_inference,1,G5127,D-PRO-GSN
τοὓς,,NP,,0.9,strong_phrase_map,1,G3588,T-APM
τούτω,,NP,,0.8,morph_inference,1,G5129,D-PRO-DSM
τραπεζίταις,,NP,,0.85,morph_inference,1,G5133,N-DPM
τριακονταοκτώ,,NP,,0.9,morph_inference,1,G5144,IND
τρυπήματος,,NP,,0.85,morph_inference,1,G5169,N-GSN
τρωγυλλίῳ,,NP,,0.85,morph_inference,1,G5175,N-DSN
τυγχάνοντα,,,Pred,0.85,morph_inference,1,G5177,V-PAP-ASM
φοίβης,,NP,,0.85,morph_inference,1,G5402,N-GSF
φρονείσθω,,,Pred,0.85,morph_inference,1,G5426,V-PPM-3S
φρυγίας,,NP,,0.85,morph_inference,1,G5435,N-GSF
φωνοῦντες,,,Pred,0.85,morph_inference,1,G5455,V-PAP-NPM
φωνὴς,,NP,,0.85,morph_inference,1,G5456,N-GSF
τυχικοῦ,,NP,,0.85,morph_inference,1,G5190,N-GSM
τω,,NP,,0.9,strong_phrase_map,1,G3588,T-DSM
τὦ,,NP,,0.9,strong_phrase_map,1,G3588,T-DSM
τέθεικα,,,Pred,0.85,morph_inference,1,G5087,V-RAI-1S
τέτευχεν,,,Pred,0.85,morph_inference,1,G5177,V-RAI-3S
τέχνην,,NP,,0.85,morph_inference,1,G5078,N-ASF
τὴ,,NP,,0.9,strong_phrase_map,1,G3588,T-DSF
τίθεται,,,Pred,0.85,morph_inference,1,G5087,V-PPI-3S
τᾠ,,NP,,0.9,strong_phrase_map,1,G3588,T-DSM
τᾧ,,NP,,0.9,strong_phrase_map,1,G3588,T-DSN
τῃ,,NP,,0.9,strong_phrase_map,1,G3588,T-DSF
χξς,,NP,,0.9,morph_inference,1,G5516,IND
χορηγήσαι,,,Pred,0.85,morph_inference,1,G5524,V-AAO-3S
χρεωφειλετῶν,,NP,,0.85,morph_inference,1,G5533,N-GPM
χρεωφειλέται,,NP,,0.85,morph_inference,1,G5533,N-NPM
χρησθ᾽,,AdjP,,0.75,morph_inference,1,G5543,A-APN
χρηστότερός,,AdjP,,0.75,morph_inference,1,G5543,A-NSM
φαιλόνην,,NP,,0.85,morph_inference,1,G5341,N-ASM
φανερωθέντες,,,Pred,0.85,morph_inference,1,G5319,V-APP-NPM
φαρμακειῶν,,NP,,0.85,morph_inference,1,G5331,N-GPF
φαρμακείᾳ,,NP,,0.85,morph_inference,1,G5331,N-DSF
φαρμακεῦσιν,,NP,,0.85,morph_inference,1,G5332,N-DPM
φαίνῃ,,,Pred,0.85,morph_inference,1,G5316,V-PAS-3S
φείσηται,,,Pred,0.85,morph_inference,1,G5339,V-ADS-3S
φιλόφρονες,,AdjP,,0.75,morph_inference,1,G5391,A-NPM
φοβηθήτε,,,Pred,0.85,morph_inference,1,G5399,V-ADM-2P
φορέσομεν,,,Pred,0.85,morph_inference,1,G5409,V-FAI-1P
ἀγαθε,,AdjP,,0.75,morph_inference,1,G18,A-VSM
ἀγαθον,,AdjP,,0.75,morph_inference,1,G18,A-ASM
ἀγαλλιῶμεθα,,,Pred,0.85,morph_inference,1,G21,V-PDS-1P
ἀγαπητῇ,,AdjP,,0.75,morph_inference,1,G27,A-DSF
ἀγαπήσαντι,,,Pred,0.85,morph_inference,1,G25,V-AAP-DSM
ἀγγεῖα,,NP,,0.85,morph_inference,1,G30,N-APN
ἀγνοέιτω,,,Pred,0.85,morph_inference,1,G50,V-PAM-3S
ἀγομένους,,,Pred,0.85,morph_inference,1,G71,V-PPP-APM
φάσκοντας,,,Pred,0.85,morph_inference,1,G5335,V-PAP-APM
φόρτου,,NP,,0.85,morph_inference,1,G5414,N-GSM
χαλῶσιν,,,Pred,0.85,morph_inference,1,G5465,V-PAI-3P
χαράγματος,,NP,,0.85,morph_inference,1,G5480,N-GSN
χερουβιμ,,NP,,0.9,morph_inference,1,G5502,IND
χιλιαρχος,,NP,,0.85,morph_inference,1,G5506,N-NSM
χιὼν,,NP,,0.85,morph_inference,1,G5510,N-NSF
χλευάζοντες,,,Pred,0.85,morph_inference,1,G5512,V-PAP-NPM
ἀκούσω,,,Pred,0.85,morph_inference,1,G191,V-AAS-1S
ἀκάθαρτητος,,NP,,0.85,morph_inference,1,G168,N-GSF
ἀλαζονεία,,NP,,0.85,morph_inference,1,G212,N-NSF
ἀλαζονείαις,,NP,,0.85,morph_inference,1,G212,N-DPF
ἀληθείαν,,NP,,0.85,morph_inference,1,G225,N-ASF
ἀλλοτριοεπίσκοπος,,NP,,0.85,morph_inference,1,G244,N-NSM
ἀλὶ,,NP,,0.85,morph_inference,1,G251,N-DSM
ἀμελήσω,,,Pred,0.85,morph_inference,1,G272,V-FAI-1S
χρονιεῖ,,,Pred,0.85,morph_inference,1,G5549,V-FAI-3S
χρυσῆν,,AdjP,,0.75,morph_inference,1,G5552,A-ASF
χρυσῴ,,NP,,0.85,morph_inference,1,G5557,N-DSM
χρήμασιν,,NP,,0.85,morph_inference,1,G5536,N-DPN
χωλοῦ,,AdjP,,0.75,morph_inference,1,G5560,A-GPM
χάριτας,,NP,,0.85,morph_inference,1,G5485,N-APF
χάρουσιν,,,Pred,0.85,morph_inference,1,G5463,V-FAI-3P
χόρτους,,NP,,0.85,morph_inference,1,G5528,N-APM
ἀνακρίνουσιν,,,Pred,0.85,morph_inference,1,G350,V-PAP-DPM
ἀναληφθεὶς,,,Pred,0.9,strong_phrase_map,1,G353,V-APP-NSM
ἀναλήψεως,,NP,,0.85,morph_inference,1,G354,N-GSF
ἀναλύσει,,,Pred,0.85,morph_inference,1,G360,V-FAI-3S
ἀναλώσει,,,Pred,0.85,morph_inference,1,G355,V-FAI-3S
ἀναπεσών,,,Pred,0.85,morph_inference,1,G377,V-2AAP-NSM
ἀναπληρώσατε,,,Pred,0.85,morph_inference,1,G378,V-AAM-2P
ἀναπτύξας,,,Pred,0.85,morph_inference,1,G380,V-AAP-NSM
ἀγομένων,,,Pred,0.85,morph_inference,1,G71,V-PPP-GPM
ἀγοράσομεν,,,Pred,0.85,morph_inference,1,G59,V-FAI-1P
ἀδικήσῃ,,,Pred,0.85,morph_inference,1,G91,V-AAS-3S
ἀδιἀφθορίαν,,NP,,0.85,morph_inference,1,G90,N-ASF
ἀεί,,AdvP,Cmpl,0.85,morph_inference,1,G104,ADV
ἀθα,,NP,,0.85,morph_inference,1,G3134,ARA
ἀκατάσχετον,,AdjP,,0.75,morph_inference,1,G183,A-NSN
ἀκολουθήσωσιν,,,Pred,0.85,morph_inference,1,G190,V-AAS-3P
ἀνείλετε,,,Pred,0.85,morph_inference,1,G337,V-2AAI-2P
ἀνείλετο,,,Pred,0.85,morph_inference,1,G337,V-2AMI-3S
ἀνεῖλον,,,Pred,0.85,morph_inference,1,G337,V-2AAI-3P
ἀνεῦρον,,,Pred,0.85,morph_inference,1,G429,V-2AAI-3P
ἀνεῳγμένην,,,Pred,0.85,morph_inference,1,G455,V-RPP-ASF
ἀνεῳγμένους,,,Pred,0.85,morph_inference,1,G455,V-RPP-APM
ἀνεῴχθησάν,,,Pred,0.85,morph_inference,1,G455,V-API-3P
ἀνθρωποι,,NP,,0.85,morph_inference,1,G444,N-NPM
ἀμην,,NP,,0.85,morph_inference,1,G281,HEB
ἀμώμητα,,AdjP,,0.75,morph_inference,1,G298,A-NPN
ἀνα,,PP,Cmpl,0.9,morph_inference,1,G303,PREP
ἀναβοήσας,,,Pred,0.85,morph_inference,1,G310,V-AAP-NSM
ἀναγγελῶ,,,Pred,0.85,morph_inference,1,G312,V-FAI-1S
ἀναγινώσκεται,,,Pred,0.85,morph_inference,1,G314,V-PPI-3S
ἀνακείμενον,,,Pred,0.85,morph_inference,1,G345,V-PDP-NSN
ἀνακλῖναι,,,Pred,0.85,morph_inference,1,G347,V-AAN
ἀνἔζησαν,,,Pred,0.85,morph_inference,1,G326,V-AAI-3P
ἀνάγγειλον,,,Pred,0.85,morph_inference,1,G312,V-AAM-2S
ἀνάκειται,,,Pred,0.85,morph_inference,1,G345,V-PDI-3S
ἀνάπεσαι,,,Pred,0.85,morph_inference,1,G377,V-AMM-2S
ἀνάπεσον,,,Pred,0.85,morph_inference,1,G377,V-AAM-2S
ἀνάψαντες,,,Pred,0.85,morph_inference,1,G381,V-AAP-NPM
ἀνέκλιναν,,,Pred,0.85,morph_inference,1,G347,V-AAI-3P
ἀνέκοψεν,,,Pred,0.85,morph_inference,1,G348,V-AAI-3S
ἀνέπεμψα,,,Pred,0.85,morph_inference,1,G375,V-AAI-1S
ἀναστήσειν,,,Pred,0.85,morph_inference,1,G450,V-FAN
ἀναίδειαν,,NP,,0.85,morph_inference,1,G335,N-ASF
ἀνεγνωρίσθη,,,Pred,0.85,morph_inference,1,G319,V-API-3S
ἀνεκλίθη,,,Pred,0.85,morph_inference,1,G347,V-API-3S
ἀνεκτοτερον,,AdjP,,0.75,morph_inference,1,G414,A-NSN
ἀνεξερεύνητα,,AdjP,,0.75,morph_inference,1,G419,A-NPN
ἀνεπίληπτοι,,AdjP,,0.75,morph_inference,1,G423,A-NPM
ἀνώγεον,,NP,,0.85,morph_inference,1,G508,N-ASN
ἀπαγγέλλουσα,,,Pred,0.85,morph_inference,1,G518,V-PAP-NSF
ἀπαγάγετε,,,Pred,0.85,morph_inference,1,G520,V-2AAM-2P
ἀπαρτί,,AdvP,Cmpl,0.85,morph_inference,1,G534,ADV
ἀπατηθεῖσα,,,Pred,0.85,morph_inference,1,G538,V-APP-NSF
ἀπεδέχθησαν,,,Pred,0.85,morph_inference,1,G588,V-API-3P
ἀπειλῇ,,NP,,0.85,morph_inference,1,G547,N-DSF
ἀπεκριθη,,,Pred,0.85,morph_inference,1,G611,V-ADI-3S
ἀπεσταλμενοῦς,,,Pred,0.85,morph_inference,1,G649,V-RPP-APM
ἀπεσταλμένα,,,Pred,0.85,morph_inference,1,G649,V-RPP-NPN
ἀνθυπατεύοντος,,,Pred,0.85,morph_inference,1,G445,V-PAP-GSM
ἀνοιχθῶσιν,,,Pred,0.85,morph_inference,1,G455,V-APS-3P
ἀντικρύ,,AdvP,Cmpl,0.85,morph_inference,1,G481,ADV
ἀντιλήψεις,,NP,,0.85,morph_inference,1,G484,N-APF
ἀντιπέραν,,AdvP,Cmpl,0.85,morph_inference,1,G495,ADV
ἀνωρθώθη,,,Pred,0.85,morph_inference,1,G461,V-API-3S
Φιλήμονα,,NP,,0.85,capital_name,1,G5371,N-ASM
Φίλητος,,NP,,0.85,capital_name,1,G5372,N-NSM
Φύγελλος,,NP,,0.85,capital_name,1,G5436,N-NSM
Χθὲς,,NP,,0.85,capital_name,1,G5504,ADV
Χοραζίν,,NP,,0.85,capital_name,1,G5523,IND
Χριστου,,NP,,0.85,capital_name,1,G5547,N-GSM
ἀποκαθιστᾳ,,,Pred,0.85,morph_inference,1,G600,V-PAI-3S
ἀποκεκύλισται,,,Pred,0.85,morph_inference,1,G617,V-RPI-3S
ἀποκτενει,,,Pred,0.85,morph_inference,1,G615,V-PAI-3S
ἀποκτείνεσθαι,,,Pred,0.85,morph_inference,1,G615,V-PPN
ἀποκτείνοντες,,,Pred,0.85,morph_inference,1,G615,V-PAP-NPM
ἀνέστρεψεν,,,Pred,0.85,morph_inference,1,G390,V-AAI-3S
ἀνήγγειλεν,,,Pred,0.85,morph_inference,1,G312,V-AAI-3S
ἀνήκοντα,,,Pred,0.85,morph_inference,1,G433,V-PAP-NPN
ἀνίλεως,,AdjP,,0.75,morph_inference,1,G448,A-NSF
ἀνὼγεον,,NP,,0.85,morph_inference,1,G508,N-ASN
ἀπεστερημένος,,,Pred,0.85,morph_inference,1,G650,V-RPP-NSM
ἀπεστάλκασιν,,,Pred,0.85,morph_inference,1,G649,V-RAI-3P
ἀπεστάλμαι,,,Pred,0.85,morph_inference,1,G649,V-RPI-1S
ἀπετάξατο,,,Pred,0.85,morph_inference,1,G657,V-ADI-3S
ἀποδεκατοῦν,,,Pred,0.85,morph_inference,1,G586,V-PAN
ἀποδεκατῶ,,,Pred,0.85,morph_inference,1,G586,V-PAI-1S
ἀποδῴη,,,Pred,0.85,morph_inference,1,G591,V-2AAO-3S
ἀποθνῄσκουσιν,,,Pred,0.9,strong_phrase_map,1,G599,V-PAI-3P
αἰωνας,,NP,,0.85,morph_inference,1,G165,N-APM
αἰωνιόυ,,AdjP,,0.75,morph_inference,1,G166,A-GSF
αἶώνιος,,AdjP,,0.75,morph_inference,1,G166,A-NSF
αἶῶνας,,NP,,0.85,morph_inference,1,G165,N-APM
αὐξανόντα,,,Pred,0.85,morph_inference,1,G837,V-PAP-ASM
Φιλαδελφείᾳ,,NP,,0.85,capital_name,1,G5359,N-DSF
Φιλαδέλφειαν,,NP,,0.85,capital_name,1,G5359,N-ASF
Φιλιππησίους,,NP,,0.85,capital_name,1,G5374,N-APM
ἀπολαβεῖν,,,Pred,0.85,morph_inference,1,G618,V-2AAN
ἀπολαμβάνειν,,,Pred,0.85,morph_inference,1,G618,V-PAN
ἀπολάβῃ,,,Pred,0.85,morph_inference,1,G618,V-2AAS-3S
ἀπολέσουσιν,,,Pred,0.85,morph_inference,1,G622,V-FAI-3P
ἀπολέσωμεν,,,Pred,0.85,morph_inference,1,G622,V-AAS-1P
ἀπολήψεσθε,,,Pred,0.85,morph_inference,1,G618,V-FDI-2P
ἀπολύσητε,,,Pred,0.85,morph_inference,1,G630,V-AAS-2P
ἀπορρίψαντας,,,Pred,0.85,morph_inference,1,G641,V-AAP-APM
ἀποσκευασάμενοι,,,Pred,0.85,morph_inference,1,G643,V-ADP-NPM
ἀποστέλω,,,Pred,0.85,morph_inference,1,G649,V-FAI-1S
ἀποτινάξατε,,,Pred,0.85,morph_inference,1,G660,V-AAM-2P
ἀποφύγοντας,,,Pred,0.85,morph_inference,1,G668,V-2AAP-APM
ἀπροσωπολήπτως,,AdvP,Cmpl,0.85,morph_inference,1,G678,ADV
ἀπωλείαις,,NP,,0.85,morph_inference,1,G684,N-DPF
ἀπάγαγε,,,Pred,0.85,morph_inference,1,G520,V-2AAM-2S
ἀπέδοτο,,,Pred,0.85,morph_inference,1,G591,V-2AMI-3S
ἀφοριεῖ,,,Pred,0.85,morph_inference,1,G873,V-FAI-3S
ἀφίστασο,,,Pred,0.85,morph_inference,1,G868,V-PDM-2S
ἀφῆκας,,,Pred,0.85,morph_inference,1,G863,V-AAI-2S
ἀπέκρυψεν,,,Pred,0.85,morph_inference,1,G613,V-AAI-3S
ἀπέλειχον,,,Pred,0.85,morph_inference,1,G621,V-IAI-3P
ἀπέπεσον,,,Pred,0.85,morph_inference,1,G634,V-2AAI-3P
ἀπέπλυναν,,,Pred,0.85,morph_inference,1,G637,V-AAI-3P
ἀπέστρεψεν,,,Pred,0.85,morph_inference,1,G654,V-AAI-3S
ἀπήγαγεν,,,Pred,0.85,morph_inference,1,G520,V-2AAI-3S
ἀπίδω,,,Pred,0.85,morph_inference,1,G872,V-2AAS-1S
ἀπόλοῦνται,,,Pred,0.85,morph_inference,1,G622,V-FMI-3P
ἀρετῆς,,NP,,0.85,morph_inference,1,G703,N-GSF
ἀρνούμεθα,,,Pred,0.85,morph_inference,1,G720,V-PDI-1P
ἀρτέμονα,,NP,,0.85,morph_inference,1,G736,N-ASM
ἀρχαῖον,,AdjP,,0.75,morph_inference,1,G744,A-ASM
ἀσεβέσιν,,AdjP,,0.75,morph_inference,1,G765,A-DPM
ἄρραφος,,AdjP,,0.75,morph_inference,1,G729,A-NSM
ἄρρενες,,NP,,0.85,morph_inference,1,G730,N-NPM
ἄρτοῦ,,NP,,0.85,morph_inference,1,G740,N-GSM
ἅπαντων,,AdjP,,0.75,morph_inference,1,G537,A-GPN
ἀσθενοῦσιν,,,Pred,0.85,morph_inference,1,G770,V-PAP-DPM
ἀσπασόμενοι,,,Pred,0.85,morph_inference,1,G782,V-FDP-NPM
ἀσπόνδους,,AdjP,,0.75,morph_inference,1,G786,A-APM
ἀστραπτούσαις,,,Pred,0.85,morph_inference,1,G797,V-PAP-DPF
ἀυτο,,NP,,0.9,strong_phrase_map,1,G846,P-ASN
ἀυτὸν,,NP,,0.9,strong_phrase_map,1,G846,P-ASM
ἀφαιρήσει,,,Pred,0.85,morph_inference,1,G851,V-FAI-3S
ἀφαιρῇ,,,Pred,0.85,morph_inference,1,G851,V-PAS-3S
ἀφηκαμεν,,,Pred,0.85,morph_inference,1,G863,V-AAI-1S
ἀφησεὶ,,,Pred,0.85,morph_inference,1,G863,V-FAI-3S
ἀφθαρσιαν,,NP,,0.85,morph_inference,1,G861,N-ASF
ἀφιένται,,,Pred,0.85,morph_inference,1,G863,V-PPI-3P
Ἀγνώστῳ,,NP,,0.85,capital_name,1,G57,A-DSM
Ἀδδὶ,,NP,,0.85,capital_name,1,G78,IND
Ἀκούετέ,,NP,,0.85,capital_name,1,G191,V-PAM-2P
Ἀλεξανδρίνῳ,,NP,,0.85,capital_name,1,G222,A-DSN
Ἀλλ᾽,ἀλλά,,,0.95,elision_map,1,G235,CONJ
ἀψάντων,,,Pred,0.85,morph_inference,1,G681,V-AAP-GPM
ἀὐτοῦ,,NP,,0.9,strong_phrase_map,1,G846,P-GSM
ἀῥχιερέων,,NP,,0.85,morph_inference,1,G749,N-GPM
ἁμαρτήσομεν,,,Pred,0.85,morph_inference,1,G264,V-FAI-1P
ἁμάρτη,,,Pred,0.85,morph_inference,1,G264,V-2AAS-3S
ἁρπαγέντα,,,Pred,0.85,morph_inference,1,G726,V-2APP-ASM
ἄγαγωσιν,,,Pred,0.85,morph_inference,1,G71,V-2AAS-3P
ἄκήκοα,,,Pred,0.85,morph_inference,1,G191,V-2RAI-1S
ἄξιους,,AdjP,,0.75,morph_inference,1,G514,A-APM
ἄρεσασης,,,Pred,0.85,morph_inference,1,G700,V-AAP-GSF
ἄρκτου,,NP,,0.85,morph_inference,1,G715,N-GSF
Ἀχάζ,,NP,,0.85,capital_name,1,G881,IND
Ἁγὰρ,,NP,,0.85,capital_name,1,G28,IND
Ἁγάρ,,NP,,0.85,capital_name,1,G28,IND
Ἁκελδαμά,,NP,,0.85,capital_name,1,G184,IND
Ἁνανίαν,,NP,,0.85,capital_name,1,G367,N-ASM
ἅπασιν,,AdjP,,0.75,morph_inference,1,G537,A-DPM
ἅπάντες,,AdjP,,0.75,morph_inference,1,G537,A-NPM
ἅς,,,Subj,0.9,strong_phrase_map,1,G3739,R-PRO-APF
ἆμήν,,NP,,0.85,morph_inference,1,G281,HEB
ἆπέλθητε,,,Pred,0.85,morph_inference,1,G565,V-2AAS-2P
ἆπό,,PP,Cmpl,0.9,strong_phrase_map,1,G575,PREP
ἆραί,,,Pred,0.85,morph_inference,1,G142,V-AAN
ἆρχιερεῖς,,NP,,0.85,morph_inference,1,G749,N-APM
ἆρχιερέως,,NP,,0.85,morph_inference,1,G749,N-GSM
ἆφεῖλεν,,,Pred,0.85,morph_inference,1,G851,V-2AAI-3S
Ἀβαδδὼν,,NP,,0.85,capital_name,1,G3,IND
ἐβούλεύσατο,,,Pred,0.85,morph_inference,1,G1011,V-ADI-3S
ἐβόων,,,Pred,0.85,morph_inference,1,G994,V-IAI-3P
ἐγγιεῖ,,,Pred,0.85,morph_inference,1,G1448,V-FAI-3S
ἐγενέτο,,,Pred,0.85,morph_inference,1,G1096,V-2ADI-3S
ἐγηγέρται,,,Pred,0.85,morph_inference,1,G1453,V-RPI-3S
ἐγκαθέτους,,AdjP,,0.75,morph_inference,1,G1455,A-APM
Ἀμπλίαν,,NP,,0.85,capital_name,1,G291,N-ASM
Ἀμὼν,,NP,,0.85,capital_name,1,G300,IND
Ἀμών,,NP,,0.85,capital_name,1,G300,IND
Ἀπόστρεψόν,,NP,,0.85,capital_name,1,G654,V-AAM-2S
Ἀρεοπαγίτης,,NP,,0.85,capital_name,1,G698,N-NSM
Ἀσὰ,,NP,,0.85,capital_name,1,G760,IND
Ἀσά,,NP,,0.85,capital_name,1,G760,IND
Ἀσύγκριτον,,NP,,0.85,capital_name,1,G799,N-ASM
Ἀττάλειαν,,NP,,0.85,capital_name,1,G825,N-ASF
Ἀχὰζ,,NP,,0.85,capital_name,1,G881,IND
ἐγχρῖσον,,,Pred,0.85,morph_inference,1,G1472,V-AAM-2S
ἐδεσμεῖτο,,,Pred,0.85,morph_inference,1,G1196,V-IPI-3S
ἐδοκιμασάν,,,Pred,0.85,morph_inference,1,G1381,V-AAI-3P
ἐδέετο,,,Pred,0.85,morph_inference,1,G1189,V-IDI-3S
ἐζητοῦμέν,,,Pred,0.85,morph_inference,1,G2212,V-IAI-1P
ἐθελοθρησκεία,,NP,,0.85,morph_inference,1,G1479,N-DSF
ἐιμι,,,Pred,0.9,strong_phrase_map,1,G1510,V-PI-1S
Ἁρμαγεδδών,,NP,,0.85,capital_name,1,G717,N-NSN
Ἁρέτα,,NP,,0.85,capital_name,1,G702,N-GSM
Ἄνναν,,NP,,0.85,capital_name,1,G452,N-ASM
Ἄφρον,,NP,,0.85,capital_name,1,G878,A-VSM
Ἅγιου,,NP,,0.85,capital_name,1,G40,A-GSN
Ἅννα,,NP,,0.85,capital_name,1,G451,N-NSF
Ἅννα,,NP,,0.85,capital_name,1,G452,N-NSF
Ἅννας,,NP,,0.85,capital_name,1,G452,N-NSM
ἐαυτὸν,,NP,,0.85,morph_inference,1,G1438,REF-ASM
ἐκγαμίζων,,,Pred,0.85,morph_inference,1,G1547,V-PAP-NSM
ἐκδιώξουσιν,,,Pred,0.85,morph_inference,1,G1559,V-FAI-3P
ἐκδόσεται,,,Pred,0.85,morph_inference,1,G1554,V-FDI-3S
ἐκει,,AdvP,Cmpl,0.85,morph_inference,1,G1563,ADV
ἐκειθέν,,AdvP,Cmpl,0.85,morph_inference,1,G1564,ADV
ἐκεφαλαίωσαν,,,Pred,0.85,morph_inference,1,G2775,V-AAI-3P
ἐκεῖνά,,NP,,0.9,strong_phrase_map,1,G1565,D-PRO-NPN
ἐκκακήσητε,,,Pred,0.85,morph_inference,1,G1573,V-AAS-2P
ἐγκαταλείψεις,,,Pred,0.85,morph_inference,1,G1459,V-FAI-2S
ἐγκατοικῶν,,,Pred,0.85,morph_inference,1,G1460,V-PAP-NSM
ἐγκαίνια,,NP,,0.85,morph_inference,1,G1456,N-NPN
ἐγκεκαίνισται,,,Pred,0.85,morph_inference,1,G1457,V-RPI-3S
ἐγκεντρίσαι,,,Pred,0.85,morph_inference,1,G1461,V-AAN
ἐγκοπήν,,NP,,0.85,morph_inference,1,G1464,N-ASF
ἐγκρῖναι,,,Pred,0.85,morph_inference,1,G1469,V-AAN
ἐγκόπτω,,,Pred,0.85,morph_inference,1,G1465,V-PAS-1S
ἐκλελυμένοι,,,Pred,0.85,morph_inference,1,G1590,V-RPP-NPM
ἐκλείπῃ,,,Pred,0.85,morph_inference,1,G1587,V-PAS-3S
ἐκλίπητε,,,Pred,0.85,morph_inference,1,G1587,V-2AAS-2P
ἐκπλήττεσθαι,,,Pred,0.85,morph_inference,1,G1605,V-PPN
ἐκπορευομένῃ,,,Pred,0.85,morph_inference,1,G1607,V-PDP-DSF
ἐκπέπτωκας,,,Pred,0.85,morph_inference,1,G1601,V-RAI-2S
ἐκπίπτει,,,Pred,0.85,morph_inference,1,G1601,V-PAI-3S
ἐκπίπτοντες,,,Pred,0.85,morph_inference,1,G1601,V-PAP-NPM
ἐκτεθέντα,,,Pred,0.85,morph_inference,1,G1620,V-APP-ASM
ἐκτενής,,AdjP,,0.75,morph_inference,1,G1618,A-NSF
Καϊνὰν,,NP,,0.85,capital_name,1,G2536,IND
Καϊνάν,,NP,,0.85,capital_name,1,G2536,IND
ἐιναι,,,Pred,0.85,morph_inference,1,G1511,V-PN
ἐκβάλλωσιν,,,Pred,0.85,morph_inference,1,G1544,V-PAS-3P
ἐκγαμίζονται,,,Pred,0.85,morph_inference,1,G1547,V-PPI-3P
ἐκγαμίζοντες,,,Pred,0.85,morph_inference,1,G1547,V-PAP-NPM
Σεμεΐ,,NP,,0.85,capital_name,1,G4584,IND
Σμυρναίων,,NP,,0.85,capital_name,1,G4668,N-GPM
Σολομῶντα,,NP,,0.85,capital_name,1,G4672,N-ASM
Στωϊκῶν,,NP,,0.85,capital_name,1,G4770,A-GPM
Συγκαλεσάμενος,,NP,,0.85,capital_name,1,G4779,V-AMP-NSM
Συμμαρτυροῦμαι,,NP,,0.85,capital_name,1,G4828,V-PDI-1S
Συμμιμηταί,,NP,,0.85,capital_name,1,G4831,N-NPM
Συροφοινίσσα,,NP,,0.85,capital_name,1,G4949,N-NSF
Κυρηναίου,,NP,,0.85,capital_name,1,G2956,N-GSM
Κυριοῦ,,NP,,0.85,capital_name,1,G2962,N-GSM
Κυριόυ,,NP,,0.85,capital_name,1,G2962,N-GSM
Κυρίοῦ,,NP,,0.85,capital_name,1,G2962,N-GSM
ἐκχέατε,,,Pred,0.9,strong_phrase_map,1,G1632,V-AAM-2P
ἐκκακῶμεν,,,Pred,0.85,morph_inference,1,G1573,V-PAS-1P
ἐκκλίνατε,,,Pred,0.85,morph_inference,1,G1578,V-AAM-2P
ἐκκόπτεσθαι,,,Pred,0.85,morph_inference,1,G1581,V-PPN
ἐμέμψαντο,,,Pred,0.85,morph_inference,1,G3201,V-ADI-3P
Καίσαρός,,NP,,0.85,capital_name,1,G2541,N-GSM
Κεδρὼν,,NP,,0.85,capital_name,1,G2748,IND
Κλαύδην,,NP,,0.85,capital_name,1,G2802,N-ASF
Κολασσαεῖς,,NP,,0.85,capital_name,1,G2858,N-APM
Κολασσαῖς,,NP,,0.85,capital_name,1,G2857,N-DPF
Κορνηλίῳ,,NP,,0.85,capital_name,1,G2883,N-DSM
Κορίνθου,,NP,,0.85,capital_name,1,G2882,N-GSF
Κρητῶν,,NP,,0.85,capital_name,1,G2912,N-GPM
Χριστού,,NP,,0.85,capital_name,1,G5547,N-GSM
Χωραζίν,,NP,,0.85,capital_name,1,G5523,IND
α,,,Subj,0.9,strong_phrase_map,1,G3739,R-PRO-APN
αγαλλιασθῆναι,,,Pred,0.85,morph_inference,1,G21,V-ADN
αγρω,,NP,,0.85,morph_inference,1,G68,N-DSM
αδικήσωσιν,,,Pred,0.85,morph_inference,1,G91,V-AAS-3P
Σελεύκειαν,,NP,,0.85,capital_name,1,G4581,N-ASF
ἐνέγκαντες,,,Pred,0.85,morph_inference,1,G5342,V-AAP-NPM
ἐκάλεσαν,,,Pred,0.85,morph_inference,1,G2564,V-AAI-3P
ἐλεεῖτε,,,Pred,0.85,morph_inference,1,G1653,V-PAM-2P
ἐλεοῦντος,,,Pred,0.85,morph_inference,1,G1653,V-PAP-GSM
ἐλισσαίου,,NP,,0.85,morph_inference,1,G1666,N-GSM
ἐλλόγει,,,Pred,0.85,morph_inference,1,G1677,V-PAM-2S
ἐλογίζοντο,,,Pred,0.85,morph_inference,1,G3049,V-IDI-3P
ἐλυπηθη,,,Pred,0.85,morph_inference,1,G3076,V-API-3S
ἐμαθήτευσεν,,,Pred,0.85,morph_inference,1,G3100,V-AAI-3S
ἐμασσῶντο,,,Pred,0.85,morph_inference,1,G3145,V-IDI-3P
ἐμβλέποντες,,,Pred,0.85,morph_inference,1,G1689,V-PAP-NPM
ἐμβάντος,,,Pred,0.85,morph_inference,1,G1684,V-2AAP-GSM
ἐμβάντων,,,Pred,0.85,morph_inference,1,G1684,V-2AAP-GPM
ἐμπεριπατήσω,,,Pred,0.85,morph_inference,1,G1704,V-FAI-1S
ἐμπεσεῖται,,,Pred,0.85,morph_inference,1,G1706,V-FDI-3S
ἐμπορευσώμεθα,,,Pred,0.85,morph_inference,1,G1710,V-ADS-1P
ἐξολοθρευθήσεται,,,Pred,0.85,morph_inference,1,G1842,V-FPI-3S
ἐξομολογήσομαι,,,Pred,0.85,morph_inference,1,G1843,V-FMI-1S
ἐξουδενώθη,,,Pred,0.85,morph_inference,1,G1847,V-APS-3S
ἐνδειξασθε,,,Pred,0.85,morph_inference,1,G1731,V-AMM-2P
ἐνδόμησις,,NP,,0.85,morph_inference,1,G1739,N-NSF
ἐνδύουσιν,,,Pred,0.85,morph_inference,1,G1746,V-PAI-3P
ἐνεβριμησατο,,,Pred,0.85,morph_inference,1,G1690,V-ADI-3S
ἐνεδυναμώθησαν,,,Pred,0.85,morph_inference,1,G1743,V-API-3P
ἐνεχθῆναι,,,Pred,0.85,morph_inference,1,G5342,V-APN
ἐνθυμουμένου,,,Pred,0.85,morph_inference,1,G1760,V-PDP-GSM
ἐννενηκονταεννέα,,NP,,0.9,morph_inference,1,G1768,IND
ἐννεοί,,AdjP,,0.75,morph_inference,1,G1769,A-NPM
ἐννάτῃ,,NP,,0.9,strong_phrase_map,1,G1766,A-DSF
ἐνοικοῦν,,,Pred,0.85,morph_inference,1,G1774,V-PAP-ASN
ἐντολαί,,NP,,0.85,morph_inference,1,G1785,N-NPF
ἐνυπνία,,NP,,0.85,morph_inference,1,G1798,N-APN
ἐπειράσω,,,Pred,0.85,morph_inference,1,G3985,V-AMI-2S
ἐπερωτᾷς,,,Pred,0.85,morph_inference,1,G1905,V-PAI-2S
ἐπερώτησον,,,Pred,0.85,morph_inference,1,G1905,V-AAM-2S
ἐπετίθουν,,,Pred,0.85,morph_inference,1,G2007,V-IAI-3P
ἐξαρεῖτε,,,Pred,0.85,morph_inference,1,G1808,V-FAI-2P
ἐξαρθῇ,,,Pred,0.85,morph_inference,1,G1808,V-APS-3S
ἐξαὐτῆς,,AdvP,Cmpl,0.85,morph_inference,1,G1824,ADV
ἐξεγαμίζοντο,,,Pred,0.85,morph_inference,1,G1547,V-IPI-3P
ἐξεθαμβήθη,,,Pred,0.85,morph_inference,1,G1568,V-API-3S
ἐξειλόμην,,,Pred,0.85,morph_inference,1,G1807,V-2AMI-1S
ἐξεκρέματο,,,Pred,0.85,morph_inference,1,G1582,V-IMI-3S
ἐξελήλυθα,,,Pred,0.9,strong_phrase_map,1,G1831,V-RAI-1S
ἐξεχεῖτο,,,Pred,0.9,strong_phrase_map,1,G1632,V-IPI-3S
ἐξηλθεν,,,Pred,0.9,strong_phrase_map,1,G1831,V-2AAI-3S
ἐξηρεύνησαν,,,Pred,0.85,morph_inference,1,G1830,V-AAI-3P
ἐξιστῶν,,,Pred,0.85,morph_inference,1,G1839,V-PAP-NSM
ἐπιμείνωσιν,,,Pred,0.85,morph_inference,1,G1961,V-AAS-3P
ἐπιμείνῃς,,,Pred,0.85,morph_inference,1,G1961,V-AAS-3S
ἐπιπεσὼν,,,Pred,0.85,morph_inference,1,G1968,V-2AAP-NSM
ἐπιρράπτει,,,Pred,0.85,morph_inference,1,G1976,V-PAI-3S
ἐπιστραφῶσιν,,,Pred,0.85,morph_inference,1,G1994,V-2APS-3P
ἐξἐλέγξαι,,,Pred,0.85,morph_inference,1,G1827,V-AAN
ἐξέπεσον,,,Pred,0.85,morph_inference,1,G1601,V-2AAI-3P
ἐξέρχεσθαι,,,Pred,0.9,strong_phrase_map,1,G1831,V-PDN
ἐπαινέσατε,,,Pred,0.85,morph_inference,1,G1867,V-AAM-2P
ἐπαναμιμνῄσκων,,,Pred,0.85,morph_inference,1,G1878,V-PAP-NSM
ἐπαναπαύσεται,,,Pred,0.85,morph_inference,1,G1879,V-FDI-3S
ἐπανάγων,,,Pred,0.85,morph_inference,1,G1877,V-PAP-NSM
ἐπαρχίας,,NP,,0.85,morph_inference,1,G1885,N-GSF
ἐπαρχίᾳ,,NP,,0.85,morph_inference,1,G1885,N-DSF
ἐπεγνωκόσιν,,,Pred,0.85,morph_inference,1,G1921,V-RAP-DPM
ἐπειδή,,,,0.85,morph_inference,1,G1894,CONJ
ἐπολέμησαν,,,Pred,0.85,morph_inference,1,G4170,V-AAI-3P
ἐποἰκοδομῆσαι,,,Pred,0.85,morph_inference,1,G2026,V-AAN
ἐποίησαντὸ,,,Pred,0.85,morph_inference,1,G4160,V-AMI-3P
ἐπωκοδόμησεν,,,Pred,0.85,morph_inference,1,G2026,V-AAI-3S
ἐπἠρώτων,,,Pred,0.85,morph_inference,1,G1905,V-IAI-3P
ἐπέβημεν,,,Pred,0.85,morph_inference,1,G1910,V-2AAI-1P
ἐπείπερ,,,,0.85,morph_inference,1,G1897,CONJ
ἐπείρᾶτο,,,Pred,0.85,morph_inference,1,G3987,V-IDI-3S
ἐπιβλέψον,,,Pred,0.85,morph_inference,1,G1914,V-AAM-2S
ἐπιβοῶντες,,,Pred,0.85,morph_inference,1,G1916,V-PAP-NPM
ἐπιγνόντων,,,Pred,0.85,morph_inference,1,G1921,V-2AAP-GPM
ἐπιγνώσιν,,NP,,0.85,morph_inference,1,G1922,N-ASF
ἐπιδώσω,,,Pred,0.85,morph_inference,1,G1929,V-FAI-1S
ἐπικαλέσονται,,,Pred,0.85,morph_inference,1,G1941,V-FMI-3P
ἐπικατάρατοι,,AdjP,,0.75,morph_inference,1,G1944,A-NPM
ἐπιμενοῦμεν,,,Pred,0.85,morph_inference,1,G1961,V-FAI-1P
ἐρευνᾶτε,,,Pred,0.85,morph_inference,1,G2045,V-PAI-2P
ἐρευνᾷ,,,Pred,0.85,morph_inference,1,G2045,V-PAI-3S
ἐρευνῶντες,,,Pred,0.85,morph_inference,1,G2045,V-PAP-NPM
ἐρεύνησον,,,Pred,0.85,morph_inference,1,G2045,V-AAM-2S
ἐρραβδίσθην,,,Pred,0.85,morph_inference,1,G4463,V-API-1S
ἐρραντισμένοι,,,Pred,0.85,morph_inference,1,G4472,V-RPP-NPM
ἐπισύστασιν,,NP,,0.85,morph_inference,1,G1999,N-ASF
ἐπισύστασις,,NP,,0.85,morph_inference,1,G1999,N-NSF
ἐπιτεθῇ,,,Pred,0.85,morph_inference,1,G2007,V-APS-3S
ἐπιτελῶ,,,Pred,0.85,morph_inference,1,G2005,V-PAI-1S
ἐπιτιθῇ,,,Pred,0.85,morph_inference,1,G2007,V-PAS-3S
ἐπιτέτραπται,,,Pred,0.85,morph_inference,1,G2010,V-RPI-3S
ἐπιφέρειν,,,Pred,0.85,morph_inference,1,G2018,V-PAN
ἐπιφέρεσθαι,,,Pred,0.85,morph_inference,1,G2018,V-PPN
ἐπληθύνοντο,,,Pred,0.85,morph_inference,1,G4129,V-IPI-3P
ἐποιεῖτε,,,Pred,0.85,morph_inference,1,G4160,V-IAI-2P
ἐρήμον,,AdjP,,0.75,morph_inference,1,G2048,A-ASF
ἐσθήσεσιν,,NP,,0.85,morph_inference,1,G2067,N-DPF
ἐσθήτι,,NP,,0.85,morph_inference,1,G2066,N-DSF
ἐσθίοντας,,,Pred,0.85,morph_inference,1,G2068,V-PAP-APM
ἐσκοτισμένοι,,,Pred,0.85,morph_inference,1,G4654,V-RPP-NPM
ἐστάθην,,,Pred,0.85,morph_inference,1,G2476,V-API-1S
ἐστήριξεν,,,Pred,0.85,morph_inference,1,G4741,V-AAI-3S
ἐτεθνήκει,,,Pred,0.85,morph_inference,1,G2348,V-LAI-3S
ἐτάρασσεν,,,Pred,0.85,morph_inference,1,G5015,V-IAI-3S
ἐπέδειξεν,,,Pred,0.85,morph_inference,1,G1925,V-AAI-3S
ἐπέπεσον,,,Pred,0.85,morph_inference,1,G1968,V-2AAI-3P
ἐπέφερον,,,Pred,0.85,morph_inference,1,G2018,V-IAI-2P
ἐπέχρισεν,,,Pred,0.85,morph_inference,1,G2025,V-AAI-3S
ἐπίτρεψον,,,Pred,0.85,morph_inference,1,G2010,V-AAM-2S
ἐπώκειλαν,,,Pred,0.85,morph_inference,1,G2027,V-AAI-3P
ἐπῆσχύνθη,,,Pred,0.85,morph_inference,1,G1870,V-API-3S
Ποντίῳ,,NP,,0.85,capital_name,1,G4194,N-DSM
Πορεύθητε,,NP,,0.85,capital_name,1,G4198,V-ADS-2P
Προωρώμην,,NP,,0.85,capital_name,1,G4308,V-IMI-1S
Πύθωνος,,NP,,0.85,capital_name,1,G4436,N-GSM
Ρωμαικοῖς,,NP,,0.85,capital_name,1,G4513,A-DPN
ἑκατοντάρχῳ,,NP,,0.85,morph_inference,1,G1543,N-DSM
ἑκγαμίζων,,,Pred,0.85,morph_inference,1,G1547,V-PAP-NSM
ἑκάστοις,,AdjP,,0.75,morph_inference,1,G1538,A-DPM
ἑρμηνευόμενον,,,Pred,0.85,morph_inference,1,G2059,V-PPP-NSN
ἑστήκεσαν,,,Pred,0.85,morph_inference,1,G2476,V-LAI-3P
ἑστός,,,Pred,0.85,morph_inference,1,G2476,V-2RAP-ASN
ἐρράπισαν,,,Pred,0.85,morph_inference,1,G4474,V-AAI-3P
ἐρρήθησαν,,,Pred,0.85,morph_inference,1,G4483,V-API-3P
ἐρρύσθην,,,Pred,0.85,morph_inference,1,G4506,V-API-1S
ἐρχομενην,,,Pred,0.9,strong_phrase_map,1,G2064,V-PDP-ASF
ἐρχόμενου,,,Pred,0.9,strong_phrase_map,1,G2064,V-PDP-GSM
ἐφαλλόμενος,,,Pred,0.85,morph_inference,1,G2177,V-PDP-NSM
ἐφίσταται,,,Pred,0.85,morph_inference,1,G2186,V-PMI-3S
ἐφύλαξαμην,,,Pred,0.85,morph_inference,1,G5442,V-AMI-1S
ἐάσατε,,,Pred,0.85,morph_inference,1,G1439,V-AAM-2P
ἐᾷς,,,Pred,0.85,morph_inference,1,G1439,V-PAI-2S
ἑαυτὸ,,NP,,0.85,morph_inference,1,G1438,REF-ASN
ἑβδομήκονταέξ,,NP,,0.9,morph_inference,1,G1440,IND
ἑκατοντάρχους,,NP,,0.85,morph_inference,1,G1543,N-APM
Σίλᾳ,,NP,,0.85,capital_name,1,G4609,N-DSM
Ταλιθα,,NP,,0.85,capital_name,1,G5008,ARA
Τολμηταί,,NP,,0.85,capital_name,1,G5113,N-NPM
Τρέμων,,NP,,0.85,capital_name,1,G5141,V-PAP-NSM
Τυχικοῦ,,NP,,0.85,capital_name,1,G5190,N-GSM
Παῦλου,,NP,,0.85,capital_name,1,G3972,N-GSM
Περίζῶσαι,,NP,,0.85,capital_name,1,G4024,V-AMM-2S
Πισιδίας,,NP,,0.85,capital_name,1,G4099,N-GSF
Ἑβραικοῖς,,NP,,0.85,capital_name,1,G1444,A-DPN
ἑστώς,,,Pred,0.85,morph_inference,1,G2476,V-RAP-NSM
ἑστῶσαι,,,Pred,0.85,morph_inference,1,G2476,V-RAP-NPF
ἑταίροις,,NP,,0.85,morph_inference,1,G2083,N-DPM
ἑώρακασιν,,,Pred,0.85,morph_inference,1,G3708,V-RAI-3P
ἔγειρου,,,Pred,0.85,morph_inference,1,G1453,V-PM-2S
ἔδυ,,,Pred,0.85,morph_inference,1,G1416,V-2AAI-3S
ἔθήλασαν,,,Pred,0.85,morph_inference,1,G2337,V-AAI-3P
ἔκραξα,,,Pred,0.85,morph_inference,1,G2896,V-AAI-1S
ἔκραύγασεν,,,Pred,0.85,morph_inference,1,G2905,V-AAI-3S
ἔλεγχον,,NP,,0.85,morph_inference,1,G1650,N-ASM
ἔνεδρον,,NP,,0.85,morph_inference,1,G1749,N-ASN
ἔννυχον,,AdvP,Cmpl,0.85,morph_inference,1,G1773,ADV
ἔντεῦθεν,,AdvP,Cmpl,0.85,morph_inference,1,G1782,ADV
ἔρριψαμεν,,,Pred,0.85,morph_inference,1,G4496,V-AAI-1P
ἐυχάριστῶ,,,Pred,0.85,morph_inference,1,G2168,V-PAI-1S
ἠγίασμένοις,,,Pred,0.85,morph_inference,1,G37,V-RPP-DPM
ἠδυνήθη,,,Pred,0.85,morph_inference,1,G1410,V-ADI-3S
ἠδίκησα,,,Pred,0.85,morph_inference,1,G91,V-AAI-1S
ἔρριψαν,,,Pred,0.85,morph_inference,1,G4496,V-AAI-3P
ἔστε,,,Pred,0.85,morph_inference,1,G2075,V-PI-2P
ἔσχατη,,AdjP,,0.75,morph_inference,1,G2078,A-NSF
ἔχῆτε,,,Pred,0.85,morph_inference,1,G2192,V-PAS-2P
ἔχῶμεν,,,Pred,0.85,morph_inference,1,G2192,V-PAS-1P
Ἐι,,NP,,0.85,capital_name,1,G1487,COND
Ἐλαμῖται,,NP,,0.85,capital_name,1,G1639,N-NPM
Ἐλμωδὰμ,,NP,,0.85,capital_name,1,G1678,IND
Ἐπει,,NP,,0.85,capital_name,1,G1893,CONJ
Ἐπικουρείων,,NP,,0.85,capital_name,1,G1946,N-GPM
Ἐπῆλθον,,NP,,0.85,capital_name,1,G1904,V-2AAI-3P
Ἐυνείκῃ,,NP,,0.85,capital_name,1,G2131,N-DSF
Ἐφέσίνης,,NP,,0.85,capital_name,1,G2179,N-GSF
ἠτίμωμένον,,,Pred,0.85,morph_inference,1,G821,V-RPP-ASM
ἠυδόκησα,,,Pred,0.85,morph_inference,1,G2106,V-AAI-1S
ἠχούσης,,,Pred,0.85,morph_inference,1,G2278,V-PAP-GSF
ἠχρειώθησαν,,,Pred,0.85,morph_inference,1,G889,V-API-3P
ἡλκωμένος,,,Pred,0.85,morph_inference,1,G1669,V-RPP-NSM
Ἑζεκίαν,,NP,,0.85,capital_name,1,G1478,N-ASM
Ἑζεκίας,,NP,,0.85,capital_name,1,G1478,N-NSM
Ἑλληνικοῖς,,NP,,0.85,capital_name,1,G1673,A-DPN
Ἑμμὸρ,,NP,,0.85,capital_name,1,G1697,IND
Ἑσλὶ,,NP,,0.85,capital_name,1,G2069,IND
Ἑσρώμ,,NP,,0.85,capital_name,1,G2074,IND
Ἔρρωσο,,NP,,0.85,capital_name,1,G4517,V-RPM-2S
Ἕνεκά,,NP,,0.85,capital_name,1,G1752,ADV
ἠβουλήθην,,,Pred,0.85,morph_inference,1,G1014,V-ADI-1S
ἠγαπηκόσιν,,,Pred,0.85,morph_inference,1,G25,V-RAP-DPM
ἠγαπήσαμεν,,,Pred,0.85,morph_inference,1,G25,V-AAI-1P
ἥλλετο,,,Pred,0.85,morph_inference,1,G242,V-IDI-3S
ἥξωσιν,,,Pred,0.85,morph_inference,1,G2240,V-AAS-3P
ἥξῃ,,,Pred,0.85,morph_inference,1,G2240,V-AAS-3S
ἦγαγεν,,,Pred,0.85,morph_inference,1,G71,V-2AAI-3S
ἧκον,,,Pred,0.85,morph_inference,1,G2240,V-IAI-3P
ἠδύνασθε,,,Pred,0.85,morph_inference,1,G1410,V-IDI-2P
ἠλθεν,,,Pred,0.9,strong_phrase_map,1,G2064,V-2AAI-3S
ἠλθες,,,Pred,0.9,strong_phrase_map,1,G2064,V-2AAI-2S
ἠν,,,Pred,0.85,morph_inference,1,G2258,V-II-3S
ἠνεσχόμην,,,Pred,0.85,morph_inference,1,G430,V-2ADI-1S
ἠνείχεσθε,,,Pred,0.85,morph_inference,1,G430,V-IDI-2P
ἠνεῳχθη,,,Pred,0.85,morph_inference,1,G455,V-API-3S
ἠνεῳχθησαν,,,Pred,0.85,morph_inference,1,G455,V-API-3P
ἠρωτᾷ,,,Pred,0.85,morph_inference,1,G2065,V-IAI-3S
ἠσθενήσαμεν,,,Pred,0.85,morph_inference,1,G770,V-AAI-1P
ἠτοῦντο,,,Pred,0.85,morph_inference,1,G154,V-IMI-3P
Κανανίτην,,NP,,0.85,capital_name,1,G2581,N-ASM
Κανανίτης,,NP,,0.85,capital_name,1,G2581,N-NSM
Καταβάντι,,NP,,0.85,capital_name,1,G2597,V-2AAP-DSM
Κατ᾽,κατά,PP,Cmpl,0.95,elision_map,1,G2596,PREP
Ἠλὶ,,NP,,0.85,capital_name,1,G2242,IND
ἡμέραῖς,,NP,,0.85,morph_inference,1,G2250,N-DPF
ἡμίση,,AdjP,,0.75,morph_inference,1,G2255,A-APN
ἡτοίμασα,,,Pred,0.85,morph_inference,1,G2090,V-AAI-1S
ἡττήθητε,,,Pred,0.85,morph_inference,1,G2274,V-API-2P
ἣς,,,Subj,0.9,strong_phrase_map,1,G3739,R-PRO-GSF
ἤθελησαν,,,Pred,0.85,morph_inference,1,G2309,V-AAI-3P
ἤθελησεν,,,Pred,0.85,morph_inference,1,G2309,V-AAI-3S
ἤλθετε,,,Pred,0.9,strong_phrase_map,1,G2064,V-2AAI-2P
ἤλθον,,,Pred,0.9,strong_phrase_map,1,G2064,V-2AAI-3P
ἤπτοντο,,,Pred,0.85,morph_inference,1,G680,V-IDI-3P
ἥκασιν,,,Pred,0.85,morph_inference,1,G2240,V-RAI-3P
Νεεμὰν,,NP,,0.85,capital_name,1,G3497,IND
Νεάπολιν,,NP,,0.85,capital_name,1,G3496,N-ASF
Νηρὶ,,NP,,0.85,capital_name,1,G3518,IND
Νικοπόλεως,,NP,,0.85,capital_name,1,G3533,N-GSF
Νινευίταις,,NP,,0.85,capital_name,1,G3536,N-DPM
ἰαθἐντος,,,Pred,0.85,morph_inference,1,G2390,V-APP-GSM
ἰατρούς,,NP,,0.85,morph_inference,1,G2395,N-APM
ἰδέα,,NP,,0.85,morph_inference,1,G2397,N-NSF
ἰὰσασθαι,,,Pred,0.85,morph_inference,1,G2390,V-ADN
ἧν,,,Pred,0.85,morph_inference,1,G2258,V-II-3S
Εὐροκλύδων,,NP,,0.85,capital_name,1,G2148,N-NSM
Εὕα,,NP,,0.85,capital_name,1,G2096,N-NSF
Ζάρα,,NP,,0.85,capital_name,1,G2196,IND
Ηλι,,NP,,0.85,capital_name,1,G2241,HEB
Θαμάρ,,NP,,0.85,capital_name,1,G2283,IND
Κακεῖθεν,,NP,,0.85,capital_name,1,G2547,ADV
Ἰσαχάρ,,NP,,0.85,capital_name,1,G2466,IND
Ἰσκαριώτη,,NP,,0.85,capital_name,1,G2469,N-DSM
Ἡροδίωνα,,NP,,0.85,capital_name,1,G2267,N-ASM
Ἡρώδης,,NP,,0.85,capital_name,1,G2264,N-NSM
Ἡρῳδιὰς,,NP,,0.85,capital_name,1,G2266,N-NSF
Ἦ,,NP,,0.85,capital_name,1,G2229,PRT
Σαμαρείᾳ,,NP,,0.85,capital_name,1,G4540,N-DSF
Σαμάρεια,,NP,,0.85,capital_name,1,G4540,N-NSF
Σαμάρειαν,,NP,,0.85,capital_name,1,G4540,N-ASF
Σαρούχ,,NP,,0.85,capital_name,1,G4562,IND
Σαρῶναν,,NP,,0.85,capital_name,1,G4565,N-ASM
Σατᾶν,,NP,,0.85,capital_name,1,G4566,IND
Μωσῃ,,NP,,0.85,capital_name,1,G3475,N-DSM
Μάαθ,,NP,,0.85,capital_name,1,G3092,IND
Μήποτε,,AdvP,Cmpl,0.9,strong_phrase_map,1,G3379,ADV
Ναθὰν,,NP,,0.85,capital_name,1,G3481,IND
Ἰωὰννα,,NP,,0.85,capital_name,1,G2490,N-GSM
Ἱεροσολυμιτῶν,,NP,,0.85,capital_name,1,G2415,N-GPM
Ἱεροσολυμῖται,,NP,,0.85,capital_name,1,G2415,N-NPM
Ἱνατί,,NP,,0.85,capital_name,1,G2444,ADV
Ἴδοὺ,,NP,,0.85,capital_name,1,G2400,V-2AAM-2S
ἱερωσυνής,,NP,,0.85,morph_inference,1,G2420,N-GSF
ἱμειρόμενοι,,,Pred,0.85,morph_inference,1,G2442,V-PMP-NPM
ἱμάτίῳ,,NP,,0.85,morph_inference,1,G2440,N-DSN
ἱστῶμεν,,,Pred,0.85,morph_inference,1,G2476,V-PAI-1P
ἴσασιν,,,Pred,0.85,morph_inference,1,G2467,V-RAI-3P
ἵστησιν,,,Pred,0.85,morph_inference,1,G2476,V-PAI-3S
Ἰαννὰ,,NP,,0.85,capital_name,1,G2388,IND
Ἰαρέδ,,NP,,0.85,capital_name,1,G2391,IND
Ἰεζάβηλ,,NP,,0.85,capital_name,1,G2403,IND
Ἰερεμίαν,,NP,,0.85,capital_name,1,G2408,N-ASM
Ἰουδὰ,,NP,,0.85,capital_name,1,G2455,N-GSM
ὀρθριαὶ,,AdjP,,0.75,morph_inference,1,G3721,A-NPF
ὀρθρινός,,AdjP,,0.75,morph_inference,1,G3720,A-NSM
ὀρκίζω,,,Pred,0.85,morph_inference,1,G3726,V-PAI-1S
ὀφειλομένην,,,Pred,0.85,morph_inference,1,G3784,V-PPP-ASF
ὀφθαλμοδουλείαις,,NP,,0.85,morph_inference,1,G3787,N-DPF
ὀφθαλμοδουλείαν,,NP,,0.85,morph_inference,1,G3787,N-ASF
ὀχλούμενοι,,,Pred,0.85,morph_inference,1,G3791,V-PPP-NPM
ὁδε,,NP,,0.8,morph_inference,1,G3592,D-PRO-NSM
ὁδήγησῃ,,,Pred,0.85,morph_inference,1,G3594,V-AAS-3S
ὁμοιάζει,,,Pred,0.85,morph_inference,1,G3662,V-PAI-3S
Ἰσραηλῖταί,,NP,,0.85,capital_name,1,G2475,N-NPM
Ἰωνὰν,,NP,,0.85,capital_name,1,G2494,IND
Ἰωσὴ,,NP,,0.85,capital_name,1,G2499,N-GSM
Ἰωσὴ,,NP,,0.85,capital_name,1,G2500,N-GSM
Ἰωσίαν,,NP,,0.85,capital_name,1,G2502,N-ASM
Ἰωσίας,,NP,,0.85,capital_name,1,G2502,N-NSM
ὄνοματα,,NP,,0.85,morph_inference,1,G3686,N-NPN
ὄνος,,NP,,0.85,morph_inference,1,G3688,N-NSM
ὄχλῷ,,NP,,0.85,morph_inference,1,G3793,N-DSM
ὅμιλος,,NP,,0.85,morph_inference,1,G3658,N-NSM
ὅνπερ,,NP,,0.8,morph_inference,1,G3746,R-PRO-ASM
ὅποτε,,AdvP,Cmpl,0.85,morph_inference,1,G3698,ADV
ὅσας,,NP,,0.8,morph_inference,1,G3745,COR-APF
ὅτί,,,,0.85,morph_inference,1,G3754,CONJ
Ὀζίαν,,NP,,0.85,capital_name,1,G3604,N-ASM
Ὀζίας,,NP,,0.85,capital_name,1,G3604,N-NSM
Ἶδοὺ,,NP,,0.85,capital_name,1,G2400,V-2AAM-2S
ὀγδοηκοντατεσσάρων,,AdjP,,0.75,morph_inference,1,G3589,A-GPN
ὀκνήσαι,,,Pred,0.85,morph_inference,1,G3635,V-AAN
ὀνειδιζόμεθα,,,Pred,0.85,morph_inference,1,G3679,V-PPI-1P
ὀνοματί,,NP,,0.85,morph_inference,1,G3686,N-DSN
ὀνόμα,,NP,,0.85,morph_inference,1,G3686,N-NSN
Γολγοθα,,NP,,0.85,capital_name,1,G1115,N-ASF
Γομόρροις,,NP,,0.85,capital_name,1,G1116,N-DPN
Διοτρέφης,,NP,,0.85,capital_name,1,G1361,N-NSM
Ελωι,,NP,,0.85,capital_name,1,G1682,ARA
Εφφαθα,,NP,,0.85,capital_name,1,G2188,ARA
ὑπομένοντας,,,Pred,0.85,morph_inference,1,G5278,V-PAP-APM
ὑποστρέψας,,,Pred,0.85,morph_inference,1,G5290,V-AAP-NSM
ὑπέμενον,,,Pred,0.85,morph_inference,1,G5278,V-IAI-3P
ὑπὸκρίσιν,,NP,,0.85,morph_inference,1,G5272,N-ASF
ὑπῇρχεν,,,Pred,0.85,morph_inference,1,G5225,V-IAI-3S
ὑστερουντι,,,Pred,0.85,morph_inference,1,G5302,V-PPP-DSM
ὁποῖοί,,AdjP,,0.75,morph_inference,1,G3697,A-NPM
ὃσα,,NP,,0.8,morph_inference,1,G3745,COR-NPN
ὃσοι,,NP,,0.8,morph_inference,1,G3745,COR-NPM
ὃτι,,,,0.85,morph_inference,1,G3754,CONJ
ὃυς,,,Subj,0.9,strong_phrase_map,1,G3739,R-PRO-APM
Εἰπε,,,Pred,0.9,strong_phrase_map,1,G2036,V-2AAM-2S
ᾅδη,,NP,,0.9,strong_phrase_map,1,G86,N-VSM
Ῥεμφὰν,,NP,,0.85,capital_name,1,G4481,IND
ᾅδῃ,,NP,,0.9,strong_phrase_map,1,G86,N-DSM
ᾠκοδομήθη,,,Pred,0.85,morph_inference,1,G3618,V-API-3S
ᾦ,,,Subj,0.9,strong_phrase_map,1,G3739,R-PRO-DSM
Αἰγύπτοῦ,,NP,,0.85,capital_name,1,G125,N-GSF
ῥαπίσει,,,Pred,0.85,morph_inference,1,G4474,V-FAI-3S
ῥυπωσάτω,,,Pred,0.85,morph_inference,1,G4510,V-AAM-3S
ῥυπῶν,,,Pred,0.85,morph_inference,1,G4510,V-PAP-NSM
έδωκας,,,Pred,0.85,morph_inference,1,G1325,V-AAI-2S
έρχωμαι,,,Pred,0.9,strong_phrase_map,1,G2064,V-PDS-1S
έτι,,AdvP,Cmpl,0.85,morph_inference,1,G2089,ADV
Ῥαγαὺ,,NP,,0.85,capital_name,1,G4466,IND
Γαλάτας,,NP,,0.85,capital_name,1,G1052,N-ASM
Ὁρκίζομεν,,NP,,0.85,capital_name,1,G3726,V-PAI-1P
ῥάβδους,,NP,,0.85,morph_inference,1,G4464,N-APF
ῥύεται,,,Pred,0.85,morph_inference,1,G4506,V-PDI-3S
ῥῖψαν,,,Pred,0.85,morph_inference,1,G4496,V-AAP-NSN
Ῥαββονί,,NP,,0.85,capital_name,1,G4462,ARA
Ῥαββουνι,,NP,,0.85,capital_name,1,G4462,ARA
Μωσέα,,NP,,0.85,capital_name,1,G3475,N-ASM
ὠκοδόμησεν,,,Pred,0.85,morph_inference,1,G3618,V-AAI-3S
ὡμοσεν,,,Pred,0.85,morph_inference,1,G3660,V-AAI-3S
ὡσει,,AdvP,Cmpl,0.85,morph_inference,1,G5616,ADV
ὡστε,,,,0.85,morph_inference,1,G5620,CONJ
ὣ,,,Subj,0.9,strong_phrase_map,1,G3739,R-PRO-DSN
ὦν,,,Subj,0.9,strong_phrase_map,1,G3739,R-PRO-GPM
ὦτίον,,NP,,0.85,morph_inference,1,G5621,N-ASN
ὧ,,,Subj,0.9,strong_phrase_map,1,G3739,R-PRO-DSM
Ὠβήδ,,NP,,0.85,capital_name,1,G5601,IND
Εφέσιους,,NP,,0.85,capital_name,1,G2180,A-APM
