word,strong,count,example_book,example_chapter,example_verse
ἀλλ᾽,G235,308,MAT,4,4
δι᾽,G1223,146,MAT,2,12
ἐπ᾽,G1909,132,MAT,3,16
ἀπ᾽,G575,122,MAT,7,23
μετ᾽,G3326,115,MAT,2,3
κατ᾽,G2596,84,MAT,1,20
ἐφ᾽,G1909,78,MAT,9,15
καθ᾽,G2596,62,MAT,5,11
παρ᾽,G3844,59,MAT,2,4
Ἰωάννης,G2491,55,MAT,3,1
ἡς,G3739,46,MAR,7,25
μεθ᾽,G3326,46,MAT,12,45
ἀφ᾽,G575,42,MAT,21,43
Πιλᾶτος,G4091,39,MAT,27,13
Ἰωάννην,G2491,38,MAT,3,13
Ἰωάννου,G2491,35,MAT,9,14
εὐθὲως,G2112,34,MAT,14,27
Δαβὶδ,G1138,31,MAT,1,6
ὑπ᾽,G5259,29,MAT,3,6
Δαβίδ,G1138,28,MAT,1,1
δ᾽,G1161,27,MAT,5,19
Ἡρῴδης,G2264,25,MAT,2,3
μήποτε,G3379,23,MAT,4,6
τεσσαράκοντα,G5062,21,MAT,4,2
Μωσέως,G3475,20,MAT,23,2
Ἠλίας,G2243,17,MAT,11,14
τοῦτ᾽,G5124,17,MAT,27,46
Ῥαββί,G4461,15,MAT,23,7
Δια,G1223,14,MAT,9,11
Καπερναούμ,G2584,13,MAT,8,5
Ἡρῴδου,G2264,13,MAT,2,1
τὴς,G3588,12,MAR,7,17
μήπως,G3381,12,ACT,27,29
ιβ᾽,G1427,12,REV,7,5
δια,G1223,10,LUK,19,23
Βαρναβᾶς,G921,10,ACT,4,36
ὑφ᾽,G5259,10,ACT,4,11
εἰπεν,G2036,10,MAT,14,18
Ἐλισάβετ,G1665,9,LUK,1,5
Καισάρειαν,G2542,9,ACT,8,40
πάσιν,G3956,9,MAT,2,16
κράββατον,G2895,9,MAR,2,4
Ἁνανίας,G367,8,ACT,5,1
Σαμαρείας,G4540,8,LUK,17,11
Βαρναβᾶν,G921,8,ACT,11,22
ἔπεσον,G4098,8,MAT,17,6
αὑτοῦ,G846,8,MAT,13,57
λήψεται,G2983,7,MAT,10,41
Πιλᾶτον,G4091,7,MAT,27,62
λήψεσθε,G2983,7,MAT,20,7
Ἠλίαν,G2243,7,MAT,16,14
Ἰσραηλῖται,G2475,6,ACT,2,22
τέσσαρα,G5064,6,JHN,19,23
ᾅδου,G86,6,MAT,11,23
διαπαντός,G1275,6,MAR,5,5
Καισαρείας,G2542,6,MAT,16,13
Ἔγειραι,G1453,6,MAT,9,5
Βαρναβᾷ,G921,6,ACT,13,43
Πιλάτῳ,G4091,6,MAT,27,2
εἴγε,G1489,5,2CO,5,3
ἁλιεῖς,G231,5,MAT,4,18
Ἰεριχὼ,G2410,5,MAT,20,29
Ἰωάννῃ,G2491,5,MAT,11,4
ἐξήλθετε,G1831,5,MAT,11,7
ἐκχυνόμενον,G1632,5,MAT,23,35
μαχαίρᾳ,G3162,5,MAT,26,52
ἀνελήφθη,G353,5,MAR,16,19
Λευὶ,G3017,5,LUK,3,24
ἐννάτην,G1766,5,MAT,20,5
ἀποθνῄσκειν,G599,5,JHN,4,47
Ἠλίᾳ,G2243,4,MAT,17,4
Α,G1,4,REV,1,8
ὡσπερ,G5618,4,MAT,5,48
ἤμεν,G1510,4,MAT,23,30
οὐτὲ,G3777,4,LUK,12,26
συζητεῖν,G4802,4,MAR,1,27
τούς,G3588,4,LUK,10,22
ἐξεληλύθατε,G1831,4,LUK,7,24
ἐλθέτω,G2064,4,MAT,6,10
ἀυτῶν,G846,4,MAT,18,31
ἀποκατεστάθη,G600,4,MAT,12,13
ἔγειραι,G1453,4,MAR,2,11
πρᾳότητος,G4236,4,1CO,4,21
μαχαίρας,G3162,4,LUK,21,24
λήψονται,G2983,4,MAT,20,10
κρείττονα,G2909,4,1CO,12,31
Ω,G5598,4,REV,1,8
Μωσῇ,G3475,4,MAT,17,4
Βαρναβᾶ,G921,4,ACT,11,30
ᾅδης,G86,3,REV,6,8
Αββα,G5,3,MAR,14,36
ὑπερ,G5228,3,2CO,11,5
ὄψει,G3700,3,MAT,27,4
Ἰωσῆ,G2500,3,MAR,6,3
ἱνατί,G2444,3,MAT,27,46
ἐξέδοτο,G1554,3,MAT,21,33
ἐννάτης,G1766,3,MAT,27,45
ἐννενήκονταεννέα,G1768,3,MAT,18,12
ἔλεον,G1656,3,MAT,23,23
ἔρεις,G2054,3,2CO,12,20
Καπερναοὺμ,G2584,3,MAT,4,13
ἰάσωμαι,G2390,3,MAT,13,15
Ἡρῴδῃ,G2264,3,MAT,14,6
Μωσῆν,G3475,3,ACT,6,11
Ἡρῳδιάδος,G2266,3,MAT,14,6
Ἡρῳδιανῶν,G2265,3,MAT,22,16
Πιλάτου,G4091,3,LUK,3,1
Προεφήτευσεν,G4395,3,MAT,15,7
ἐσται,G2071,3,MAR,10,43
πιστεύσῃ,G4100,3,MAR,11,23
Ματθαῖον,G3156,3,MAT,9,9
Μαριά,G3137,3,MAT,27,61
συγκοινωνὸς,G4791,3,ROM,11,17
Λαοδικείᾳ,G2993,3,COL,2,1
εἴχον,G2192,3,JHN,15,22
εἰργάσατο,G2038,3,MAT,25,16
Βενιαμίν,G958,3,ACT,13,21
εἰπον,G2036,3,MAT,16,14
γεννήματος,G1081,3,MAT,26,29
ζῳοποιεῖ,G2227,3,JHN,5,21
νηστείᾳ,G3521,3,MAT,17,21
Μωσεῖ,G3475,3,MAR,9,4
πρᾳότητα,G4236,3,COL,3,12
προσωποληψία,G4382,3,ROM,2,11
οὕς,G3739,3,JHN,13,18
τοῦς,G3588,3,MAT,6,13
ἀρέσει,G700,3,1CO,7,32
Φάρες,G5329,3,MAT,1,3
ἐκπερισσοῦ,G4057,3,EPH,3,20
Κεγχρεαῖς,G2747,3,ACT,18,18
τετραρχοῦντος,G5075,3,LUK,3,1
τετράρχης,G5076,3,MAT,14,1
τὲ,G5037,3,MAT,23,6
Ἰεριχώ,G2410,2,MAR,10,46
Ἠλίου,G2243,2,LUK,1,17
Ἰεροσόλυμα,G2414,2,LUK,2,42
Γεθσημανῆ,G1068,2,MAT,26,36
Ἰσραηλίτης,G2475,2,JHN,1,47
ἐξείλετο,G1807,2,ACT,7,10
ἐριθείαι,G2052,2,2CO,12,20
ἐρράντισεν,G4472,2,HEB,9,19
ἐπιρρίψαντες,G1977,2,LUK,19,35
ἐρευνῶν,G2045,2,ROM,8,27
ἑαὐτῷ,G1438,2,EPH,2,15
Ταβιθά,G5000,2,ACT,9,36
ἐρρήθη,G4483,2,ROM,9,12
ἰδοῦ,G2400,2,MAR,13,23
Θεσσαλονικείς,G2331,2,1TH,5,28
Καισαρείᾳ,G2542,2,ACT,10,1
ἧττον,G2276,2,1CO,11,17
Ἑσρὼμ,G2074,2,MAT,1,3
Ἔλεον,G1656,2,MAT,9,13
Ἐλθε,G2064,2,REV,22,17
Ἐξέλθετε,G1831,2,2CO,6,17
Ἡρῳδιάδα,G2266,2,MAT,14,3
Ἡρῴδην,G2264,2,MAT,2,12
Ἰωάννα,G2489,2,LUK,8,3
Ἰωσῆς,G2500,2,MAT,13,55
Ἱερουσάλημ,G2419,2,ACT,19,21
Ὀνησίμου,G3682,2,COL,4,18
ὑιὸς,G5207,2,MAR,10,47
ῥαββί,G4461,2,MAT,26,25
ἀρξάμενον,G756,2,LUK,24,47
ἀπήντησεν,G528,2,MAT,28,9
ἐγγεγραμμένη,G1449,2,2CO,3,2
Ἁνανία,G367,2,ACT,5,3
ἐκκακοῦμεν,G1573,2,2CO,4,1
ἐγκεντρισθήσονται,G1461,2,ROM,11,23
Συγχάρητέ,G4796,2,LUK,15,6
Κορινθίους,G2881,2,1CO,16,24
τιμῶσίν,G5091,2,JHN,5,23
τῆν,G3588,2,MAT,26,7
χθὲς,G5504,2,ACT,7,28
φουρτουνάτου,G5415,2,1CO,16,17
αὖτοῦ,G846,2,MAT,26,51
τανῦν,G3568,2,ACT,20,32
συνιστώντες,G4921,2,2CO,4,2
ταὐτὴν,G3778,2,HEB,5,3
συμβιβαζόμενον,G4822,2,EPH,4,16
συμμαρτυρούσης,G4828,2,ROM,2,15
συζητοῦντες,G4802,2,MAR,9,10
συμπαραλαβεῖν,G4838,2,ACT,15,37
συζητήσεως,G4803,2,ACT,15,2
συλλαλοῦντες,G4814,2,MAT,17,3
συγκρίνοντες,G4793,2,1CO,2,13
ταὐτὰ,G5024,2,LUK,17,30
συγχαίρει,G4796,2,1CO,12,26
συγκαλεσάμενος,G4779,2,LUK,23,13
ἀφίεμεν,G863,2,MAT,6,12
ἄρρενα,G730,2,REV,12,5
αὐξάνει,G837,2,MAT,6,28
ἀποκτεινόντων,G615,2,MAT,10,28
ἀποθνῄσκωμεν,G599,2,ROM,14,8
ἀποθνῄσκομεν,G599,2,ROM,14,8
ἀνέπεσον,G377,2,MAR,6,40
ἀπαντῆσαι,G528,2,LUK,14,31
ἀνεπίληπτον,G423,2,1TI,3,2
χειροτονηθέντα,G5500,2,2TI,4,22
ἐκωλύσαμεν,G2967,2,MAR,9,38
ἐκβάλλῃ,G1544,2,MAR,7,26
ἐκγαμίσκονται,G1548,2,LUK,20,34
ἐκκακεῖν,G1573,2,LUK,18,1
Λύδδαν,G3069,2,ACT,9,32
Λευίτης,G3019,2,LUK,10,32
Λευὶν,G3018,2,MAR,2,14
Λαοδικείας,G2993,2,COL,4,16
συγγενέσιν,G4773,2,MAR,6,4
σαβαχθανι,G4518,2,MAT,27,46
αὓτη,G846,2,JHN,8,7
αὑτῶν,G846,2,MAR,14,46
στήριξον,G4741,2,LUK,22,32
αὑτὸς,G846,2,MAT,6,4
αὐτῶ,G846,2,MAR,3,7
βασιλεῦς,G935,2,MAT,27,29
συγκληρονόμοι,G4789,2,ROM,8,17
στήκητε,G4739,2,MAR,11,25
προεφήτευσεν,G4395,2,MAR,7,6
βάλλῃ,G906,2,LUK,12,58
οὑτὸς,G3778,2,LUK,20,30
οὐν,G3767,2,MAT,27,22
παραληφθήσεται,G3880,2,LUK,17,34
οὖ,G3739,2,MAR,14,72
μετανοήσωσιν,G3340,2,MAR,6,12
λήψεταί,G2983,2,JAS,1,7
μοῦ,G3450,2,LUK,4,7
μὲ,G3165,2,JHN,6,35
κράξαν,G2896,2,MAR,1,26
προσέρρηξεν,G4366,2,LUK,6,48
παραθῶσιν,G3908,2,MAR,6,41
παῤ,G3844,2,MAT,21,25
παρακαταθήκην,G3872,2,1TI,6,20
βαλάντιον,G905,2,LUK,10,4
πρόβατά,G4263,2,JHN,21,16
πτῶματα,G4430,2,REV,11,8
Ματθίαν,G3159,2,ACT,1,23
Ματθαῖος,G3156,2,MAT,10,3
κομιεῖται,G2865,2,EPH,6,8
καίτοιγε,G2544,2,JHN,4,2
κλινῶν,G2825,2,MAR,7,4
κλείει,G2808,2,REV,3,7
κοπιᾷ,G2872,2,MAT,6,28
γεγένησθε,G1096,2,ACT,7,52
θύει,G2380,2,1CO,10,20
ζῳοποιοῦν,G2227,2,JHN,6,63
εὐθεὼς,G2112,2,MAR,1,20
ζῆλοι,G2205,2,2CO,12,20
εἴκοσιτέσσαρες,G1501,2,REV,5,8
κατασκηνοῦν,G2681,2,MAT,13,32
καταβιβασθήσῃ,G2601,2,MAT,11,23
Μελχὶ,G3197,2,LUK,3,24
εἴπως,G1513,2,ACT,27,12
εἴπων,G2036,2,ACT,24,22
εἴπεν,G2036,2,LUK,22,58
διασκορπισθήσεται,G1287,2,MAT,26,31
δαιμόνων,G1142,2,REV,16,14
εἲς,G1519,2,LUK,4,43
εν,G1722,2,LUK,17,36
εὐδόκησαν,G2106,2,ROM,15,26
εἰλικρινείας,G1505,2,1CO,5,8
διορυγῆναι,G1358,2,MAT,24,43
δεκαδύο,G1177,2,ACT,19,7
διψήσῃ,G1372,2,JHN,4,14
Ὠβὴδ,G5601,2,MAT,1,5
ὑψωθεῖσα,G5312,2,MAT,11,23
Βοὸζ,G1003,2,MAT,1,5
Βαρσαβᾶν,G923,2,ACT,1,23
ὼς,G5613,1,LUK,17,28
Βαρ,G920,1,MAT,16,17
Βενιαμὶν,G958,1,REV,7,8
Βηθαβαρᾶ,G962,1,JHN,1,28
Βηθεσδά,G964,1,JHN,5,2
Βοανεργές,G993,1,MAR,3,17
Βοσόρ,G1007,1,2PE,2,15
Βόοζ,G1003,1,LUK,3,32
Ὑπαγε,G5217,1,LUK,4,8
Εὐαγγελισάμενοί,G2097,1,ACT,14,21
Εἰσέλθετε,G1525,1,MAT,7,13
ὑιοῦ,G5207,1,1JN,5,13
ὑιὸν,G5207,1,ACT,8,37
ὑιῷ,G5207,1,REV,1,13
ὑμας,G5209,1,ROM,15,24
ὑπερβάλλοντα,G5235,1,EPH,2,7
ὑπερεκχυνόμενον,G5240,1,LUK,6,38
Νινευΐ,G3535,1,LUK,11,32
Νινευῖται,G3536,1,MAT,12,41
Νέρωνι,G3505,1,2TI,4,22
Οὗτοὶ,G3778,1,ACT,13,4
Πακατιανῆς,G3818,1,1TI,6,21
Πατροβᾶν,G3969,1,ROM,16,14
ὑψηλοφρόνει,G5309,1,ROM,11,20
Γαμαλιὴλ,G1059,1,ACT,22,3
Γενησαρέτ,G1082,1,MAR,6,53
Γεργεσηνῶν,G1086,1,MAT,8,28
διεφθάρη,G1311,1,REV,8,9
διηγείρετο,G1326,1,JHN,6,18
διηρμήνευεν,G1329,1,LUK,24,27
δικαιοσυνῃ,G1343,1,ROM,9,28
δικαιοῦν,G1344,1,LUK,10,29
δικαιωθήτω,G1344,1,REV,22,11
διἁρπάσαι,G1283,1,MAT,12,29
δευτεροπρώτῳ,G1207,1,LUK,6,1
διαδιδώσουσιν,G1239,1,REV,17,13
διακαθᾶριεῖ,G1245,1,LUK,3,17
διακρινομένοι,G1252,1,JUD,1,22
διακρίνόμενον,G1252,1,ACT,11,12
διακόνου,G1249,1,ROM,16,27
διαμερισθήσεται,G1266,1,LUK,12,53
διαπαντὸς,G1275,1,LUK,24,53
διαπορεῖσθαι,G1280,1,LUK,24,4
δυσεντερίᾳ,G1420,1,ACT,28,8
δἔδωκεν,G1325,1,JHN,13,3
δύνήσῃ,G1410,1,LUK,16,2
δώμεν,G1325,1,MAR,6,37
εαυτοῦ,G1438,1,HEB,1,3
εαυτόν,G1438,1,GAL,5,14
εαὐτοὺς,G1438,1,REV,8,6
εις,G1520,1,LUK,17,36
εκάθισεν,G2523,1,HEB,12,2
διεγείρουσιν,G1326,1,MAR,4,38
διεγνώρισαν,G1232,1,LUK,2,17
διεδίδοτο,G1239,1,ACT,4,35
διελέχθη,G1256,1,ACT,18,19
διεμαρτύρετο,G1263,1,ACT,2,40
διεμερίζον,G1266,1,MAR,15,24
διερρήγνυτο,G1284,1,LUK,5,6
εσπάραξεν,G4682,1,MAR,9,20
ετελείωσα,G5048,1,JHN,17,4
ετερος,G2087,1,LUK,17,36
εἰδωλείῳ,G1493,1,1CO,8,10
εἰκοσιπέντε,G1501,1,JHN,6,19
εἰκῆ,G1500,1,MAT,5,22
εἰληφως,G2983,1,ACT,16,24
εἰλικρινείᾳ,G1505,1,2CO,1,12
εἰναι,G1511,1,MAT,16,13
διέλιπεν,G1257,1,LUK,7,45
διώκωμεν,G1377,1,ROM,14,19
δοθείη,G1325,1,EPH,6,19
δοκιμάζοντες,G1381,1,EPH,5,10
δουλεύσωσιν,G1398,1,ACT,7,7
δυναμένος,G1410,1,ACT,21,34
δυο,G1417,1,LUK,17,36
γένεσθε,G1096,1,1PE,1,16
γέννησις,G1083,1,MAT,1,18
γὴν,G1093,1,ACT,7,11
γὴς,G1093,1,LUK,11,2
γήμῃς,G1060,1,1CO,7,28
γήρᾳ,G1094,1,LUK,1,36
δανειστῇ,G1157,1,LUK,7,41
εἱλισσόμενον,G1507,1,REV,6,14
εἲς,G1520,1,MAT,18,14
εἴδον,G3708,1,REV,4,4
εἴης,G1498,1,REV,3,15
εἴκοσιν,G1501,1,ACT,1,15
ελωι,G1682,1,MAR,15,34
ελάλησα,G2980,1,JHN,18,20
εποιήσατε,G4160,1,MAR,11,17
εσονται,G2071,1,LUK,17,36
εἰπόντι,G2036,1,MAT,12,48
εἰργασάμεθα,G2038,1,2JN,1,8
εἰργάζετο,G2038,1,ACT,18,3
εἰργάσαντο,G2038,1,HEB,11,33
εἰρήκεν,G2046,1,LUK,22,13
εἰσεληλύθασιν,G1525,1,JAS,5,4
εἰσελθέτω,G1525,1,MAR,13,15
εἰσεπήδησαν,G1530,1,ACT,14,14
εἰσήλθετε,G1525,1,LUK,11,52
διαρρήσσων,G1284,1,LUK,8,29
διασώσωσιν,G1295,1,ACT,23,24
διαφανής,G1307,1,REV,21,21
διαφύγοι,G1309,1,ACT,27,42
διδωμι,G1325,1,REV,3,9
γάμησας,G1060,1,MAT,22,25
γέγονασιν,G1096,1,ROM,16,7
εὐχόμαι,G2172,1,2CO,13,7
εὐωδίαν,G2136,1,PHP,4,2
εὐωνύμῶν,G2176,1,MAR,10,37
εὑρεθείς,G2147,1,PHP,2,8
εὑρήσῃς,G2147,1,REV,18,14
εὑρίσκετο,G2147,1,HEB,11,5
εἴπης,G2036,1,MAR,8,26
εἴχε,G2192,1,REV,9,14
εἴχεν,G2192,1,REV,10,2
εἵλετο,G138,1,2TH,2,13
εἶδε,G3708,1,MAT,4,16
εἶπὲ,G2036,1,LUK,7,42
εἶς,G1520,1,MAR,15,36
εὐαγγελίζηται,G2097,1,GAL,1,8
εὐδοκήσαμεν,G2106,1,1TH,3,1
εὐηγγελίσαντο,G2097,1,ACT,8,25
ζήλωσον,G2206,1,REV,3,19
ζήσομεθα,G2198,1,2CO,13,4
ζήσονται,G2198,1,JHN,5,25
ζήτημά,G2213,1,ACT,18,15
ζώσας,G2198,1,REV,7,17
ζῳογονεῖσθαι,G2225,1,ACT,7,19
ζῳογονήσει,G2225,1,LUK,17,33
εὐηρεστηκέναι,G2100,1,HEB,11,5
εὐθείαν,G2117,1,LUK,3,5
εὐθύμοτερον,G2115,1,ACT,24,10
εὐλογειτε,G2127,1,MAT,5,44
εὐλογήσῃς,G2127,1,1CO,14,16
εὐπρόσεδρον,G2145,1,1CO,7,35
εὐφρανθήσονται,G2165,1,REV,11,10
εὐφράνθη,G2165,1,ACT,2,26
εὐχαρίστησαν,G2168,1,ROM,1,21
ηλι,G2241,1,MAT,27,46
ημῶν,G2257,1,HEB,1,3
ηὐλόγει,G2127,1,MAR,10,16
ηὐπορεῖτό,G2141,1,ACT,11,29
θαλάσσαν,G2281,1,MAT,14,26
θαμβῶν,G2284,1,ACT,9,6
θαυμάσονται,G2296,1,REV,17,8
θεμελιώσαι,G2311,1,1PE,5,10
εὔνοιαν,G2133,1,1CO,7,3
εὔχεσθε,G2172,1,JAS,5,16
εὗροντες,G2147,1,MAR,1,37
εὶς,G1519,1,MAT,18,29
εῖπεν,G2036,1,MAT,8,22
εῖπον,G2036,1,ACT,19,2
ζημιωθῃ,G2210,1,MAR,8,36
ζητοὺντες,G2212,1,LUK,11,54
θρόνοῦ,G2362,1,REV,5,13
θρῆνος,G2355,1,MAT,2,18
θυγατερα,G2364,1,MAR,7,30
θυγατρί,G2364,1,LUK,12,53
θέλωσιν,G2309,1,ACT,26,5
καίτοιγε,G2544,1,ACT,14,17
καθαρίζον,G2511,1,MAR,7,19
καθηγητής,G2519,1,MAT,23,8
καθιστῶντες,G2525,1,ACT,17,15
καθίσεσθε,G2523,1,MAT,19,28
ζῳοποιεῖται,G2227,1,1CO,15,36
ζῳοποιηθεὶς,G2227,1,1PE,3,18
ζῳοποιηθήσονται,G2227,1,1CO,15,22
ζῳοποιοῦντος,G2227,1,ROM,4,17
ζῳοποιήσει,G2227,1,ROM,8,11
ζῳοποιῆσαι,G2227,1,GAL,3,21
κακοποιων,G2555,1,1PE,3,16
κακὸποιός,G2555,1,JHN,18,30
καταβαινέτω,G2597,1,MAT,24,17
καταδουλώσωνται,G2615,1,GAL,2,4
κατακολουθήσασα,G2628,1,ACT,16,17
κατακριθῆτε,G2632,1,JAS,5,9
καταλαβόμενος,G2638,1,ACT,25,25
καταλαλῶσιν,G2635,1,1PE,3,16
καταλίποντες,G2641,1,2PE,2,15
καταμόνας,G2651,1,MAR,4,10
καταναθεματίζειν,G2653,1,MAT,26,74
θεομαχωμεν,G2313,1,ACT,23,9
θεωροῦντι,G2334,1,ACT,17,16
θεωρήσωσιν,G2334,1,JHN,7,3
θεὰν,G2299,1,ACT,19,37
θηριῷ,G2342,1,REV,20,4
γεγραμμένη,G1125,1,LUK,23,38
γενεσίων,G1077,1,MAT,14,6
γενήματά,G1081,1,LUK,12,18
γεύσεται,G1089,1,JHN,8,52
γεύσονται,G1089,1,LUK,9,27
γινέσθαι,G1096,1,REV,1,19
κατελήφθην,G2638,1,PHP,3,12
κατεργάσασθαι,G2716,1,1PE,4,3
κατεσκαμμένα,G2679,1,ACT,15,16
κατείληφθη,G2638,1,JHN,8,4
Λύδδης,G3069,1,ACT,9,38
Μαγδαλά,G3093,1,MAT,15,39
καθίσησθε,G2523,1,LUK,22,30
καθῆκον,G2520,1,ACT,22,22
καιομένην,G2545,1,REV,19,20
καιροί,G2540,1,ACT,3,19
καταξιωθῆτε,G2661,1,LUK,21,36
καταπατήσωσιν,G2662,1,MAT,7,6
καταπίῃ,G2666,1,1PE,5,8
κατατοξευθήσεται,G2700,1,HEB,12,20
καταφθαρήσονται,G2704,1,2PE,2,12
κατεδίωξάν,G2614,1,MAR,1,36
κατειχετο,G2722,1,JHN,5,4
κατεκληροδότησεν,G2624,1,ACT,13,19
δανείζετε,G1155,1,LUK,6,35
δανείζητε,G1155,1,LUK,6,34
δανείζουσιν,G1155,1,LUK,6,34
δανείσασθαι,G1155,1,MAT,5,42
δαίμονος,G1142,1,LUK,8,29
δεκα,G1176,1,LUK,13,4
γεγενημένα,G1080,1,2PE,2,12
γεγεννήμεθα,G1080,1,JHN,8,41
καὶπερ,G2539,1,REV,17,8
κειμένος,G2749,1,JHN,11,41
κεκαθαρμένους,G2508,1,HEB,10,2
κεκαυτηριασμένων,G2743,1,1TI,4,2
κεκοπίακας,G2872,1,REV,2,3
Μαριὰ,G3137,1,MAT,28,1
Μαριᾴ,G3137,1,ACT,1,14
Μαρίαμ,G3137,1,ROM,16,6
Ματθὰν,G3157,1,MAT,1,15
Ματθάν,G3157,1,MAT,1,15
Μαϊνάν,G3104,1,LUK,3,31
Μεθ᾽,G3326,1,MAT,1,23
Μελχισεδέκ,G3198,1,HEB,7,21
κατηγορῆσαι,G2723,1,ACT,28,19
κατορθωμάτων,G2735,1,ACT,24,2
κατανάθεμα,G2652,1,REV,22,3
κλαύσονται,G2799,1,REV,18,9
κληρονομήσῃ,G2816,1,GAL,4,30
κλητοί,G2822,1,MAT,20,16
κλώμενον,G2806,1,1CO,11,24
κοινοῦν,G2840,1,REV,21,27
κολακείας,G2850,1,1TH,2,5
κατἐβλήθη,G2598,1,REV,12,10
κατἐργάζεται,G2716,1,2CO,7,10
κατὰμόνας,G2651,1,LUK,9,18
κατάβα,G2597,1,MAR,15,30
κατάλειμμα,G2640,1,ROM,9,27
κατέλιπόν,G2641,1,TIT,1,5
κατένωπιον,G2714,1,2CO,12,19
κατέστησας,G2525,1,HEB,2,7
κατήγορος,G2725,1,REV,12,10
καυθήσωμαι,G2545,1,1CO,13,3
κραζόντων,G2896,1,ACT,19,34
κριθῆς,G2915,1,REV,6,6
κρυπτόν,G2927,1,LUK,11,33
κράζοντα,G2896,1,LUK,4,41
κρέμανται,G2910,1,MAT,22,40
κτήσασθε,G2932,1,LUK,21,19
κυβείᾳ,G2940,1,EPH,4,14
κυλλόν,G2948,1,MAT,18,8
κἀκείνοις,G2548,1,MAT,20,4
κεκράξονται,G2896,1,LUK,19,40
κενώσῃ,G2758,1,1CO,9,15
κερδηθήσωνται,G2770,1,1PE,3,1
κερδήσωμεν,G2770,1,JAS,4,13
κηρίου,G2781,1,LUK,24,42
κηρύξουσιν,G2784,1,ROM,10,15
κινάμωμον,G2792,1,REV,18,13
κύκλοθεν,G2943,1,REV,5,11
κώμῃ,G2968,1,MAR,8,26
λαλεῖται,G2980,1,HEB,11,4
λαλοῦσα,G2980,1,REV,10,8
λαλήσαντος,G2980,1,ACT,23,7
λαλήσετε,G2980,1,MAT,10,19
λαλήσωσιν,G2980,1,MAT,12,36
λαμβανέτω,G2983,1,REV,22,17
λαμμᾶ,G2982,1,MAR,15,34
λαμπρὸς,G2986,1,REV,22,16
λεγεῶνα,G3003,1,MAR,5,15
κομιούμενοι,G2865,1,2PE,2,13
κοῦμι,G2891,1,MAR,5,41
κραββάτοις,G2895,1,MAR,6,55
κραββάτω,G2895,1,ACT,9,33
κραββάτων,G2895,1,ACT,5,15
λεῖμμα,G3005,1,ROM,11,5
ληψόμεθα,G2983,1,JAS,3,1
λιθοβολήσαντες,G3036,1,MAR,12,4
λογισμούς,G3053,1,2CO,10,5
λογὸν,G3056,1,JHN,19,13
λοιμοί,G3061,1,MAT,24,7
λούσαντι,G3068,1,REV,1,5
λάμψαι,G2989,1,2CO,4,6
λὲγει,G3004,1,MAR,10,51
λὲγω,G3004,1,JHN,8,26
λέγεῖ,G3004,1,MAR,11,23
κέκμηκας,G2577,1,REV,2,3
κέρμα,G2772,1,JHN,2,15
κόκκινῳ,G2847,1,REV,17,4
κόπριαν,G2874,1,LUK,13,8
κὺλισμα,G2946,1,2PE,2,22
λὶθος,G3037,1,MAR,9,42
λίθῷ,G3037,1,MAR,13,2
μαγείαις,G3095,1,ACT,8,11
μαμμωνᾷ,G3126,1,MAT,6,24
μαρτυρούμενοι,G3140,1,1TH,2,11
μεγαλειότητα,G3168,1,ACT,19,27
μεγάλαυχεῖ,G3166,1,JAS,3,5
μεγάλεῖα,G3167,1,LUK,1,49
μεθιστάνειν,G3179,1,1CO,13,2
μεθοδείαν,G3180,1,EPH,4,14
μεθοδείας,G3180,1,EPH,6,11
λεγεῶνας,G3003,1,MAT,26,53
λεγόντας,G3004,1,REV,19,6
λεγόντος,G3004,1,REV,19,1
λελουμένοι,G3068,1,HEB,10,22
λευκῇ,G3022,1,ACT,1,10
μελλείν,G3195,1,ACT,23,30
μεμερίσται,G3307,1,MAR,3,26
μεμιασμένοις,G3392,1,TIT,1,15
μεμνηστευμένην,G3423,1,LUK,1,27
μεμνηστευμένῃ,G3423,1,LUK,2,5
μεν,G3303,1,HEB,6,16
μεταβαλλόμενοι,G3328,1,ACT,28,6
μεταστραφήτω,G3344,1,JAS,4,9
μετενόησεν,G3340,1,REV,2,21
μετά,G3326,1,1PE,3,15
μετάληψιν,G3336,1,1TI,4,3
μεὶναντες,G3306,1,ACT,20,15
λέγεῖν,G3004,1,MAR,12,1
λέγοντων,G3004,1,LUK,8,20
λήψεως,G3028,1,PHP,4,15
λὶθον,G3037,1,LUK,11,11
βλασφημούμενοι,G987,1,1CO,4,13
βλασφημὶας,G988,1,MAR,2,7
βλεπόντες,G991,1,REV,17,8
βλάψει,G984,1,MAR,16,18
βλέψουσιν,G991,1,REV,11,9
βολίδι,G1002,1,HEB,12,20
βοσκομένων,G1006,1,LUK,8,32
βουλευόμενος,G1011,1,2CO,1,17
βουλεύεται,G1011,1,LUK,14,31
μάρτυρεῖτε,G3140,1,LUK,11,48
μὲλλει,G3195,1,REV,3,2
μέγαλην,G3173,1,REV,14,19
μέλλοντές,G3195,1,ACT,23,20
μεθόρια,G3181,1,MAR,7,24
μελετᾶτε,G3191,1,MAR,13,11
μελισσίου,G3193,1,LUK,24,42
μη,G3361,1,COL,2,4
μητραλῴαις,G3389,1,1TI,1,9
μητρόπολις,G3390,1,1TI,6,21
μητὲ,G3383,1,2TH,2,2
μισοῦντας,G3404,1,MAT,5,44
μνήμείοις,G3419,1,MAR,5,3
μνῆματα,G3418,1,REV,11,9
μοιχεία,G3430,1,GAL,5,19
μοιχᾶσθαι,G3429,1,MAT,5,32
γινόνται,G1096,1,MAR,6,2
γινώσκομαι,G1097,1,JHN,10,14
γινώσκωμεν,G1097,1,1JN,5,20
γνούς,G1097,1,LUK,12,48
γνωριοῦσιν,G1107,1,COL,4,9
γυμνητεύομεν,G1130,1,1CO,4,11
βλαστάνῃ,G985,1,MAR,4,27
μέσῶ,G3319,1,REV,2,7
μέτωπων,G3359,1,REV,13,16
μὴτὲ,G3383,1,LUK,7,33
μήποτέ,G3379,1,MAT,5,25
μόγις,G3425,1,LUK,9,39
μύλικὸς,G3457,1,MAR,9,42
μύλον,G3458,1,REV,18,21
μύλωνι,G3459,1,MAT,24,41
νενομοθέτητο,G3549,1,HEB,7,11
νεοσσοὺς,G3502,1,LUK,2,24
νηφαλέους,G3524,1,1TI,3,11
νηφάλεον,G3524,1,1TI,3,2
νικήσῃς,G3528,1,ROM,3,4
νουθετῶ,G3560,1,1CO,4,14
νουμηνίας,G3561,1,COL,2,16
μεῖζών,G3187,1,JHN,10,29
νυνί,G3570,1,COL,1,21
νὺν,G3568,1,ACT,2,33
νῦνὶ,G3570,1,1CO,5,11
ξυρήσωνται,G3587,1,ACT,21,24
οκτὼ,G3638,1,LUK,13,4
οἰδατε,G1492,1,LUK,9,55
οἰκοδομουμέναι,G3618,1,ACT,9,31
οἰκοδόμούντων,G3618,1,ACT,4,11
οἰκος,G3624,1,LUK,19,46
οἰκουρούς,G3626,1,TIT,2,5
οἰκέτου,G3610,1,PHM,1,25
οἰκός,G3624,1,LUK,19,46
οἰνος,G3631,1,MAT,9,17
οἵου,G3634,1,LUK,9,55
οἶκὶαν,G3614,1,LUK,7,36
οὐδε,G3761,1,MAR,11,26
παντές,G3956,1,MAR,1,27
παραβαίνων,G3845,1,2JN,1,9
παραβολής,G3850,1,MAR,7,17
παραβουλευσάμενος,G3851,1,PHP,2,30
οὐδεμια,G3762,1,JAS,3,12
οὐδέ,G3761,1,MAR,14,68
οὐδ᾽,G3761,1,HEB,9,18
οὐρανοις,G3772,1,LUK,11,2
οὐρανῳ,G3772,1,LUK,11,2
οὐτοὶ,G3778,1,LUK,13,4
οὐτὸς,G3778,1,MAR,8,35
οὐχι,G3780,1,2CO,10,13
οὑτοί,G3778,1,MAR,4,18
οὒτε,G3777,1,MAR,5,3
οὔδε,G3761,1,ACT,2,31
οὕτος,G3778,1,REV,3,5
παραλήψομαι,G3880,1,JHN,14,3
παραρρυῶμεν,G3901,1,HEB,2,1
παραχρῆμά,G3916,1,ACT,13,11
παρεδίδοτο,G3860,1,1CO,11,23
οὖ,G3756,1,MAT,11,20
οὖκ,G3756,1,MAR,11,26
οὖτε,G3777,1,1CO,3,2
οὺν,G3767,1,2PE,3,11
οῦν,G3767,1,MAR,3,31
παιδαρίοις,G3808,1,MAT,11,16
παλιγγενεσίας,G3824,1,TIT,3,5
παλιγγενεσίᾳ,G3824,1,MAT,19,28
παμπληθεὶ,G3826,1,LUK,23,18
παμπολλοῦ,G3827,1,MAR,8,1
πανοικὶ,G3832,1,ACT,16,34
πανταχόθεν,G3836,1,MAR,1,45
παρέξει,G3930,1,LUK,7,4
παρίστησιν,G3936,1,1CO,8,8
παρῆγεν,G3855,1,JHN,8,59
πατραλῴαις,G3964,1,1TI,1,9
πατάσσῃ,G3960,1,REV,19,15
πατὲρα,G3962,1,ACT,16,3
πεισθέντες,G3982,1,HEB,11,13
παραβάλωμεν,G3846,1,MAR,4,30
παραδεδωκόσιν,G3860,1,ACT,15,26
παραδειγματίσαι,G3856,1,MAT,1,19
παραδείσου,G3857,1,REV,2,7
παραδιατριβαὶ,G3859,1,1TI,6,5
παραδιδῶσιν,G3860,1,MAT,10,19
παραθήσομαι,G3908,1,LUK,23,46
παρακαθίσασα,G3869,1,LUK,10,39
παραληφθησεται,G3880,1,LUK,17,36
περιπεπατήκει,G4043,1,ACT,14,8
περιρρήξαντες,G4048,1,ACT,16,22
περισσεύουσιν,G4052,1,LUK,15,17
περιφερόμεναι,G4064,1,JUD,1,12
περιφέρεσθε,G4064,1,HEB,13,9
περιέχουσαν,G4023,1,ACT,23,25
περίλυπον,G4036,1,LUK,18,24
πετωμένοις,G4072,1,REV,19,17
παρεισέδυσαν,G3921,1,JUD,1,4
παρελθέτω,G3928,1,MAT,26,39
παρενεγκεῖν,G3911,1,LUK,22,42
παρεστηκόσιν,G3936,1,MAR,14,69
παρετηροῦν,G3906,1,ACT,9,24
παρεῖχον,G3930,1,ACT,28,2
παρηκολούθηκάς,G3877,1,2TI,3,10
παροξυσμὸς,G3948,1,ACT,15,39
πλεονεξίαις,G4124,1,2PE,2,14
πλεῖονα,G4119,1,MAT,20,10
πληθυναῖ,G4129,1,2CO,9,10
πλημμύρας,G4132,1,LUK,6,48
πληρεις,G4134,1,MAR,6,43
πληροῦται,G4137,1,GAL,5,14
πληρωσονται,G4137,1,REV,6,11
πλήσαντες,G4130,1,JHN,19,29
πεντηκοντατριῶν,G4004,1,JHN,21,11
πεπειραμένον,G3987,1,HEB,4,15
πεπυρωμένοι,G4448,1,REV,1,15
πεπώρωκεν,G4456,1,JHN,12,40
περιβαλοῦσιν,G4016,1,LUK,19,43
περιδραμόντες,G4063,1,MAR,6,55
περιπατήσαντες,G4043,1,HEB,13,9
περιπατήσει,G4043,1,JHN,8,12
πορρωτέρω,G4208,1,LUK,24,28
πορφύρᾳ,G4209,1,REV,17,4
ποτὴριον,G4221,1,MAT,26,42
ποὶα,G4169,1,MAR,4,30
προαιρεῖται,G4255,1,2CO,9,7
προεβίβασαν,G4264,1,ACT,19,33
προειρηκέναι,G4280,1,HEB,10,15
προεφητεύσαμεν,G4395,1,MAT,7,22
προεφήτευον,G4395,1,ACT,19,6
πετωμένου,G4072,1,REV,8,13
πετωμένῳ,G4072,1,REV,4,7
πετώμενον,G4072,1,REV,14,6
πιστευσόντων,G4100,1,JHN,17,20
πιστεύσατε,G4100,1,JHN,10,38
πλανώμενα,G4105,1,1PE,2,25
πλανᾶσθαι,G4105,1,REV,2,20
προσαναλώσασα,G4321,1,LUK,8,43
προσεγγίσαι,G4331,1,MAR,2,4
προσεδρεύοντες,G4332,1,1CO,9,13
προσειργάσατο,G4333,1,LUK,19,16
προσεκολλήθη,G4347,1,ACT,5,36
προσεποιεῖτο,G4364,1,LUK,24,28
προσευχή,G4335,1,ACT,16,13
προσεύχομενοι,G4336,1,MAR,11,24
προσηυξάμεθα,G4336,1,ACT,21,5
ποιησόμεν,G4160,1,JHN,14,23
ποιήσαι,G4160,1,MAR,10,36
ποιήσειαν,G4160,1,LUK,6,11
πολυ,G4183,1,1PE,1,7
πορευθέντα,G4198,1,ACT,27,3
πορευομέναι,G4198,1,ACT,9,31
πορευσώμεθα,G4198,1,JAS,4,13
βαπτίστου,G910,1,MAR,6,24
βαπτίσωνται,G907,1,MAR,7,4
βαρυνθῶσιν,G925,1,LUK,21,34
βασανισθῶσιν,G928,1,REV,9,5
βασιλεύσομεν,G936,1,REV,5,10
προσώπον,G4383,1,ACT,17,26
προσῆλθόν,G4334,1,LUK,13,31
προτεταγμένους,G4384,1,ACT,17,26
προέτεινεν,G4385,1,ACT,22,25
πρωίᾳ,G4405,1,JHN,18,28
προεφήτευσαν,G4395,1,MAT,11,13
προκατηγγελμένην,G4293,1,2CO,9,5
προκατήγγειλαν,G4293,1,ACT,3,24
προκεκηρυγμένον,G4296,1,ACT,3,20
προληφθῇ,G4301,1,GAL,6,1
προνοοῦμενοι,G4306,1,2CO,8,21
προσλαβεῖν,G4355,1,ACT,27,34
προσφέρωσιν,G4374,1,LUK,12,11
προσωποληπτεῖτε,G4380,1,JAS,2,9
προσωποληψίαις,G4382,1,JAS,2,1
προσωπολήπτης,G4381,1,ACT,10,34
προσέπεσον,G4363,1,MAT,7,25
προσέπιπτεν,G4363,1,MAR,3,11
βουλή,G1012,1,ACT,4,28
βάλειν,G906,1,REV,2,10
βέβληκεν,G906,1,MAR,12,43
βύσσου,G1040,1,REV,18,12
γαμηθῆ,G1060,1,MAR,10,12
βαθέος,G901,1,LUK,24,1
βαλαντίου,G905,1,LUK,22,35
βαλάντια,G905,1,LUK,12,33
βαλόντων,G906,1,MAR,12,43
πάσαν,G3956,1,JHN,16,13
πράττειν,G4238,1,ACT,19,36
πράττουσιν,G4238,1,ACT,17,7
πρὸσλαβοῦ,G4355,1,PHM,1,12
πρόσληψις,G4356,1,ROM,11,15
πρώρας,G4408,1,ACT,27,30
πρώτον,G4412,1,ACT,11,26
πρώϊμον,G4406,1,JAS,5,7
πρᾳέος,G4239,1,1PE,3,4
πρᾳότης,G4236,1,GAL,5,23
πρᾶότητι,G4236,1,2TI,2,25
πρᾷός,G4235,1,MAT,11,29
πταίσει,G4417,1,JAS,2,10
Κίς,G2797,1,ACT,13,21
προσκυνοῦσιν,G4352,1,REV,4,10
προσκυνήσαντες,G4352,1,LUK,24,52
σείω,G4579,1,HEB,12,26
σηρικοῦ,G4596,1,REV,18,12
σθενώσαι,G4599,1,1PE,5,10
σκηνή,G4633,1,HEB,9,1
σκότῳ,G4655,1,HEB,12,18
σοφῶ,G4680,1,1TI,1,17
Κῶν,G2972,1,ACT,21,1
Λαοδίκειαν,G2993,1,REV,1,11
Λεββαῖος,G3002,1,MAT,10,3
Λεγεὼν,G3003,1,MAR,5,9
Λεγεών,G3003,1,LUK,8,30
Λευιτικῆς,G3020,1,HEB,7,11
Λευὶς,G3018,1,LUK,5,29
Λευίτας,G3019,1,JHN,1,19
Λουκᾶ,G3065,1,2CO,13,14
πυθέσθαι,G4441,1,JHN,13,24
αὑτη,G3778,1,MAR,1,27
αὑτῆς,G846,1,LUK,10,38
συγγενεία,G4772,1,LUK,1,61
συγγενής,G4773,1,LUK,1,36
συγγνώμην,G4774,1,1CO,7,6
συγκαθισάντων,G4776,1,LUK,22,55
συγκαθήμενοι,G4775,1,ACT,26,30
πὲρι,G4012,1,ACT,19,39
πέπωκεν,G4095,1,REV,18,3
πέτραιςμ,G4073,1,REV,6,16
πίειν,G4095,1,ACT,23,12
ρμδ᾽,G1540,1,REV,7,4
σαρδίνῳ,G4555,1,REV,4,3
σαρκίκης,G4559,1,HEB,7,16
σαυτὸν,G4572,1,ROM,14,22
σειραῖς,G4577,1,2PE,2,4
σπείροντος,G4687,1,MAT,13,18
σταυρόν,G4716,1,MAR,10,21
στοιβάδας,G4746,1,MAR,11,8
στολαὶ,G4749,1,REV,6,11
στρατοπεδάρχῃ,G4759,1,ACT,28,16
στραφείς,G4762,1,LUK,10,22
συ,G4771,1,PHM,1,12
βασιλεῖαι,G932,1,REV,11,15
βαστάσασιν,G941,1,MAT,20,12
βατράχοις,G944,1,REV,16,13
βαττολογήσητε,G945,1,MAT,6,7
βεβαρήμενοι,G916,1,MAR,14,40
αὐξήσαι,G837,1,2CO,9,10
αὐτοίς,G846,1,ACT,13,19
αὐτοῦς,G846,1,ACT,16,40
αὐτή,G846,1,LUK,19,41
συζητητὴς,G4804,1,1CO,1,20
συγκαθήμενος,G4775,1,MAR,14,54
συγκακοπάθησον,G4777,1,2TI,1,8
συγκακουχεῖσθαι,G4778,1,HEB,11,25
συγκαλεῖ,G4779,1,LUK,15,6
συγκαλεῖται,G4779,1,LUK,15,9
συγκαλοῦσιν,G4779,1,MAR,15,16
συγκαλέσασθαι,G4779,1,ACT,28,17
συγκαταβάντες,G4782,1,ACT,25,5
συγκατατεθειμένος,G4784,1,LUK,23,51
συγκατεψηφίσθη,G4785,1,ACT,1,26
συγκατάθεσις,G4783,1,2CO,6,16
συγκεκλεισμένοι,G4788,1,GAL,3,23
συγκεκραμένος,G4786,1,HEB,4,2
συγκληρονόμα,G4789,1,EPH,3,6
σπεκουλάτωρα,G4688,1,MAR,6,27
συλλυπούμενος,G4818,1,MAR,3,5
συλλήψῃ,G4815,1,LUK,1,31
συμβασιλεύσομεν,G4821,1,2TI,2,12
συμβασιλεύσωμεν,G4821,1,1CO,4,8
συγκληρονόμων,G4789,1,HEB,11,9
συγκοινωνεῖτε,G4790,1,EPH,5,11
συγκοινωνούς,G4791,1,PHP,1,7
συγκοινωνήσαντές,G4790,1,PHP,4,14
συγκοινωνήσητε,G4790,1,REV,18,4
συγκρῖναι,G4793,1,2CO,10,12
συγκέχυται,G4797,1,ACT,21,31
συγκύπτουσα,G4794,1,LUK,13,11
συγχαίρετέ,G4796,1,PHP,2,18
συγχαίρω,G4796,1,PHP,2,17
συγχρῶνται,G4798,1,JHN,4,9
συζητεῖτε,G4802,1,MAR,9,16
συμμέτοχα,G4830,1,EPH,3,6
συμμέτοχοι,G4830,1,EPH,5,7
συμπαθῆσαι,G4834,1,HEB,4,15
συμπαραγενόμενοι,G4836,1,LUK,23,48
συμπαρακληθῆναι,G4837,1,ROM,1,12
συμπαραλαβόντες,G4838,1,ACT,12,25
συμπαραλαβὼν,G4838,1,GAL,2,1
συζητούντων,G4802,1,MAR,12,28
συζητοῦντας,G4802,1,MAR,9,14
συζήτησιν,G4803,1,ACT,28,29
συζῆν,G4800,1,2CO,7,3
συκομωραίαν,G4809,1,LUK,19,4
συλλαλήσας,G4814,1,ACT,25,12
συλλαμβάνου,G4815,1,PHP,4,3
συλληφθέντα,G4815,1,ACT,23,27
συλληφθῆναι,G4815,1,LUK,2,21
συμπορεύονται,G4848,1,MAR,10,1
συμπρεσβύτερος,G4850,1,1PE,5,1
συμπάσχει,G4841,1,1CO,12,26
συμπάσχομεν,G4841,1,ROM,8,17
συμφυεῖσαι,G4855,1,LUK,8,7
συμφωνει,G4856,1,LUK,5,36
συνακολουθήσασαι,G4870,1,LUK,23,49
συναναμίγνυσθε,G4874,1,2TH,3,14
συναξεῖ,G4863,1,LUK,3,17
συναχθήσεται,G4863,1,MAT,25,32
συμβιβασθέντων,G4822,1,COL,2,2
συμβάλλουσα,G4820,1,LUK,2,19
συμμαθηταῖς,G4827,1,JHN,11,16
συμμαρτυρεῖ,G4828,1,ROM,8,16
συμμερίζονται,G4829,1,1CO,9,13
συμμορφούμενος,G4833,1,PHP,3,10
συνιοῦσιν,G4920,1,2CO,10,12
συνιέντες,G4920,1,EPH,5,17
συνιών,G4920,1,MAT,13,23
συντετμημένον,G4932,1,ROM,9,28
συντετριμμένους,G4937,1,LUK,4,18
συνάγεσθε,G4863,1,REV,19,17
συνάντησιν,G4877,1,MAT,8,34
συνέβαινον,G4819,1,1CO,10,11
συνέβαλεν,G4820,1,ACT,20,14
συνέβαλον,G4820,1,ACT,4,15
συμπαραμενῶ,G4839,1,PHP,1,25
συμπαρεγένετο,G4836,1,2TI,4,16
συμπαρόντες,G4840,1,ACT,25,24
συμπνίγονται,G4846,1,LUK,8,14
συμπνίγουσιν,G4846,1,MAR,4,19
συμπολῖται,G4847,1,EPH,2,19
συσταυρωθέντος,G4957,1,JHN,19,32
συστενάζει,G4959,1,ROM,8,22
συστοιχεῖ,G4960,1,GAL,4,25
συστρατιώτην,G4961,1,PHP,2,25
συσχηματίζεσθε,G4964,1,ROM,12,2
σφραγὶς,G4973,1,1CO,9,2
σφραγίζωμεν,G4972,1,REV,7,3
σφραγίσεται,G4972,1,2CO,11,10
σφάξωσιν,G4969,1,REV,6,4
σφῦρα,G4974,1,ACT,3,7
σχολάζητε,G4980,1,1CO,7,5
συνεζωποίησεν,G4806,1,COL,2,13
συνειδυίας,G4894,1,ACT,5,2
συνετέλεσεν,G4931,1,MAT,7,28
συνείληφυῖα,G4815,1,LUK,1,36
συνηθροισμένους,G4867,1,LUK,24,33
σύγκαμψον,G4781,1,ROM,11,10
σύζυγε,G4805,1,PHP,4,3
σύμφερον,G4851,1,1CO,10,33
σύμφημι,G4852,1,ROM,7,16
σύμψυχοι,G4861,1,PHP,2,2
σύσσωμα,G4954,1,EPH,3,6
σῖτά,G4621,1,ACT,7,12
σῴζεται,G4982,1,1PE,4,18
ταμιεῖόν,G5009,1,MAT,6,6
ταραχαί,G5016,1,MAR,13,8
ταὐτὰ,G5023,1,REV,10,4
συνέχυνεν,G4797,1,ACT,9,22
συνήλασεν,G4900,1,ACT,7,26
συνίστων,G4921,1,2CO,10,18
συστασιαστῶν,G4955,1,MAR,15,7
συσταυρωθέντες,G4957,1,MAT,27,44
απέθανεν,G599,1,LUK,20,30
απέκρυψας,G613,1,MAT,11,25
αρχῆς,G746,1,2TH,2,13
αυτῶν,G846,1,REV,12,10
αφεθησεται,G863,1,LUK,17,36
αἰτιάματα,G157,1,ACT,25,7
αἰτήσομαι,G154,1,MAR,6,24
αἰχμαλωτεύοντες,G162,1,2TI,3,6
τετηρήκασιν,G5083,1,JHN,17,6
τετηρήκεν,G5083,1,JHN,12,7
τετράμηνόν,G5072,1,JHN,4,35
τετράρχου,G5076,1,ACT,13,1
σχίζει,G4977,1,LUK,5,36
σωζομένων,G4982,1,REV,21,24
σάρδιος,G4556,1,REV,21,20
σάρκικός,G4559,1,ROM,7,14
τυρβάζῃ,G5182,1,LUK,10,41
ταὐτῆς,G3778,1,HEB,12,15
ταύτη,G3778,1,MAR,14,27
τεθνηκώς,G2348,1,JHN,12,1
τεθνάναι,G2348,1,ACT,14,19
τελειοῦται,G5048,1,2CO,12,9
τεσσαρακονταετὴς,G5063,1,ACT,7,23
τεσσαρακονταετῆ,G5063,1,ACT,13,18
τετηρημένους,G5083,1,2PE,2,4
αὔτοις,G846,1,COL,3,7
αὖτοῖς,G846,1,MAT,20,6
αὖτὸν,G846,1,LUK,23,39
αὖτῷ,G846,1,LUK,22,56
αὗτος,G846,1,HEB,10,12
αλλα,G235,1,LUK,9,56
αναβλέψαι,G308,1,MAR,8,25
τῳ,G3588,1,1CO,7,31
τῶ,G3588,1,1CO,14,2
υιῷ,G5207,1,REV,14,14
τιμιώτερον,G5093,1,1PE,1,7
τιμήσῃ,G5091,1,MAT,15,6
τολμηρότερον,G5112,1,ROM,15,15
τον,G3588,1,ACT,15,24
τοσοῦτόν,G5118,1,REV,21,16
τοὐτοῦ,G5127,1,REV,19,20
τοὓς,G3588,1,MAR,12,5
τούτω,G5129,1,ACT,25,5
τραπεζίταις,G5133,1,MAT,25,27
τριακονταοκτώ,G5144,1,JHN,5,5
τρυπήματος,G5169,1,MAT,19,24
τρωγυλλίῳ,G5175,1,ACT,20,15
τυγχάνοντα,G5177,1,LUK,10,30
φοίβης,G5402,1,ROM,16,27
φρονείσθω,G5426,1,PHP,2,5
φρυγίας,G5435,1,1TI,6,21
φωνοῦντες,G5455,1,MAR,3,31
φωνὴς,G5456,1,REV,6,1
τυχικοῦ,G5190,1,COL,4,18
τω,G3588,1,LUK,17,36
τὦ,G3588,1,MAR,2,15
τέθεικα,G5087,1,1CO,3,10
τέτευχεν,G5177,1,HEB,8,6
τέχνην,G5078,1,ACT,18,3
τὴ,G3588,1,LUK,14,5
τίθεται,G5087,1,MAR,15,47
τᾠ,G3588,1,LUK,23,42
τᾧ,G3588,1,LUK,6,38
τῃ,G3588,1,LUK,23,42
χξς,G5516,1,REV,13,18
χορηγήσαι,G5524,1,2CO,9,10
χρεωφειλετῶν,G5533,1,LUK,16,5
χρεωφειλέται,G5533,1,LUK,7,41
χρησθ᾽,G5543,1,1CO,15,33
χρηστότερός,G5543,1,LUK,5,39
φαιλόνην,G5341,1,2TI,4,13
φανερωθέντες,G5319,1,2CO,11,6
φαρμακειῶν,G5331,1,REV,9,21
φαρμακείᾳ,G5331,1,REV,18,23
φαρμακεῦσιν,G5332,1,REV,21,8
φαίνῃ,G5316,1,REV,8,12
φείσηται,G5339,1,ROM,11,21
φιλόφρονες,G5391,1,1PE,3,8
φοβηθήτε,G5399,1,MAT,10,28
φορέσομεν,G5409,1,1CO,15,49
ἀγαθε,G18,1,MAT,19,16
ἀγαθον,G18,1,MAT,19,17
ἀγαλλιῶμεθα,G21,1,REV,19,7
ἀγαπητῇ,G27,1,PHM,1,2
ἀγαπήσαντι,G25,1,REV,1,5
ἀγγεῖα,G30,1,MAT,13,48
ἀγνοέιτω,G50,1,1CO,14,38
ἀγομένους,G71,1,LUK,21,12
φάσκοντας,G5335,1,REV,2,2
φόρτου,G5414,1,ACT,27,10
χαλῶσιν,G5465,1,MAR,2,4
χαράγματος,G5480,1,REV,15,2
χερουβιμ,G5502,1,HEB,9,5
χιλιαρχος,G5506,1,ACT,24,7
χιὼν,G5510,1,MAR,9,3
χλευάζοντες,G5512,1,ACT,2,13
ἀκούσω,G191,1,PHP,1,27
ἀκάθαρτητος,G168,1,REV,17,4
ἀλαζονεία,G212,1,1JN,2,16
ἀλαζονείαις,G212,1,JAS,4,16
ἀληθείαν,G225,1,JHN,16,13
ἀλλοτριοεπίσκοπος,G244,1,1PE,4,15
ἀλὶ,G251,1,MAR,9,49
ἀμελήσω,G272,1,2PE,1,12
χρονιεῖ,G5549,1,HEB,10,37
χρυσῆν,G5552,1,REV,1,13
χρυσῴ,G5557,1,1TI,2,9
χρήμασιν,G5536,1,MAR,10,24
χωλοῦ,G5560,1,ACT,3,11
χάριτας,G5485,1,ACT,24,27
χάρουσιν,G5463,1,REV,11,10
χόρτους,G5528,1,MAT,14,19
ἀνακρίνουσιν,G350,1,1CO,9,3
ἀναληφθεὶς,G353,1,ACT,1,11
ἀναλήψεως,G354,1,LUK,9,51
ἀναλύσει,G360,1,LUK,12,36
ἀναλώσει,G355,1,2TH,2,8
ἀναπεσών,G377,1,JHN,13,12
ἀναπληρώσατε,G378,1,GAL,6,2
ἀναπτύξας,G380,1,LUK,4,17
ἀγομένων,G71,1,MAT,14,6
ἀγοράσομεν,G59,1,JHN,6,5
ἀδικήσῃ,G91,1,LUK,10,19
ἀδιἀφθορίαν,G90,1,TIT,2,7
ἀεί,G104,1,MAR,15,8
ἀθα,G3134,1,1CO,16,22
ἀκατάσχετον,G183,1,JAS,3,8
ἀκολουθήσωσιν,G190,1,JHN,10,5
ἀνείλετε,G337,1,ACT,2,23
ἀνείλετο,G337,1,ACT,7,21
ἀνεῖλον,G337,1,ACT,10,39
ἀνεῦρον,G429,1,LUK,2,16
ἀνεῳγμένην,G455,1,REV,3,8
ἀνεῳγμένους,G455,1,ACT,7,56
ἀνεῴχθησάν,G455,1,JHN,9,10
ἀνθρωποι,G444,1,LUK,2,15
ἀμην,G281,1,PHP,4,23
ἀμώμητα,G298,1,PHP,2,15
ἀνα,G303,1,REV,7,17
ἀναβοήσας,G310,1,MAR,15,8
ἀναγγελῶ,G312,1,JHN,16,25
ἀναγινώσκεται,G314,1,2CO,3,15
ἀνακείμενον,G345,1,MAR,5,40
ἀνακλῖναι,G347,1,MAR,6,39
ἀνἔζησαν,G326,1,REV,20,5
ἀνάγγειλον,G312,1,MAR,5,19
ἀνάκειται,G345,1,LUK,7,37
ἀνάπεσαι,G377,1,LUK,17,7
ἀνάπεσον,G377,1,LUK,14,10
ἀνάψαντες,G381,1,ACT,28,2
ἀνέκλιναν,G347,1,LUK,9,15
ἀνέκοψεν,G348,1,GAL,5,7
ἀνέπεμψα,G375,1,LUK,23,15
ἀναστήσειν,G450,1,ACT,2,30
ἀναίδειαν,G335,1,LUK,11,8
ἀνεγνωρίσθη,G319,1,ACT,7,13
ἀνεκλίθη,G347,1,LUK,7,36
ἀνεκτοτερον,G414,1,MAR,6,11
ἀνεξερεύνητα,G419,1,ROM,11,33
ἀνεπίληπτοι,G423,1,1TI,5,7
ἀνώγεον,G508,1,LUK,22,12
ἀπαγγέλλουσα,G518,1,JHN,20,18
ἀπαγάγετε,G520,1,MAR,14,44
ἀπαρτί,G534,1,REV,14,13
ἀπατηθεῖσα,G538,1,1TI,2,14
ἀπεδέχθησαν,G588,1,ACT,15,4
ἀπειλῇ,G547,1,ACT,4,17
ἀπεκριθη,G611,1,MAR,3,33
ἀπεσταλμενοῦς,G649,1,ACT,10,21
ἀπεσταλμένα,G649,1,REV,5,6
ἀνθυπατεύοντος,G445,1,ACT,18,12
ἀνοιχθῶσιν,G455,1,MAT,20,33
ἀντικρύ,G481,1,ACT,20,15
ἀντιλήψεις,G484,1,1CO,12,28
ἀντιπέραν,G495,1,LUK,8,26
ἀνωρθώθη,G461,1,LUK,13,13
Φιλήμονα,G5371,1,PHM,1,25
Φίλητος,G5372,1,2TI,2,17
Φύγελλος,G5436,1,2TI,1,15
Χθὲς,G5504,1,JHN,4,52
Χοραζίν,G5523,1,MAT,11,21
Χριστου,G5547,1,2TH,3,12
ἀποκαθιστᾳ,G600,1,MAR,9,12
ἀποκεκύλισται,G617,1,MAR,16,4
ἀποκτενει,G615,1,REV,13,10
ἀποκτείνεσθαι,G615,1,REV,6,11
ἀποκτείνοντες,G615,1,MAR,12,5
ἀνέστρεψεν,G390,1,JHN,2,15
ἀνήγγειλεν,G312,1,JHN,5,15
ἀνήκοντα,G433,1,EPH,5,4
ἀνίλεως,G448,1,JAS,2,13
ἀνὼγεον,G508,1,MAR,14,15
ἀπεστερημένος,G650,1,JAS,5,4
ἀπεστάλκασιν,G649,1,ACT,16,36
ἀπεστάλμαι,G649,1,LUK,4,43
ἀπετάξατο,G657,1,ACT,18,21
ἀποδεκατοῦν,G586,1,HEB,7,5
ἀποδεκατῶ,G586,1,LUK,18,12
ἀποδῴη,G591,1,2TI,4,14
ἀποθνῄσκουσιν,G599,1,1CO,15,22
αἰωνας,G165,1,REV,5,14
αἰωνιόυ,G166,1,1TI,6,19
αἶώνιος,G166,1,1JN,5,20
αἶῶνας,G165,1,ROM,16,27
αὐξανόντα,G837,1,MAR,4,8
Φιλαδελφείᾳ,G5359,1,REV,3,7
Φιλαδέλφειαν,G5359,1,REV,1,11
Φιλιππησίους,G5374,1,PHP,4,23
ἀπολαβεῖν,G618,1,LUK,6,34
ἀπολαμβάνειν,G618,1,3JN,1,8
ἀπολάβῃ,G618,1,LUK,18,30
ἀπολέσουσιν,G622,1,MAR,11,18
ἀπολέσωμεν,G622,1,2JN,1,8
ἀπολήψεσθε,G618,1,COL,3,24
ἀπολύσητε,G630,1,LUK,22,68
ἀπορρίψαντας,G641,1,ACT,27,43
ἀποσκευασάμενοι,G643,1,ACT,21,15
ἀποστέλω,G649,1,ACT,7,34
ἀποτινάξατε,G660,1,LUK,9,5
ἀποφύγοντας,G668,1,2PE,2,18
ἀπροσωπολήπτως,G678,1,1PE,1,17
ἀπωλείαις,G684,1,2PE,2,2
ἀπάγαγε,G520,1,ACT,23,17
ἀπέδοτο,G591,1,HEB,12,16
ἀφοριεῖ,G873,1,MAT,25,32
ἀφίστασο,G868,1,1TI,6,5
ἀφῆκας,G863,1,REV,2,4
ἀπέκρυψεν,G613,1,MAT,25,18
ἀπέλειχον,G621,1,LUK,16,21
ἀπέπεσον,G634,1,ACT,9,18
ἀπέπλυναν,G637,1,LUK,5,2
ἀπέστρεψεν,G654,1,MAT,27,3
ἀπήγαγεν,G520,1,ACT,24,7
ἀπίδω,G872,1,PHP,2,23
ἀπόλοῦνται,G622,1,MAR,2,22
ἀρετῆς,G703,1,2PE,1,3
ἀρνούμεθα,G720,1,2TI,2,12
ἀρτέμονα,G736,1,ACT,27,40
ἀρχαῖον,G744,1,REV,20,2
ἀσεβέσιν,G765,1,1TI,1,9
ἄρραφος,G729,1,JHN,19,23
ἄρρενες,G730,1,ROM,1,27
ἄρτοῦ,G740,1,MAT,16,11
ἅπαντων,G537,1,LUK,21,12
ἀσθενοῦσιν,G770,1,1CO,8,9
ἀσπασόμενοι,G782,1,ACT,25,13
ἀσπόνδους,G786,1,ROM,1,31
ἀστραπτούσαις,G797,1,LUK,24,4
ἀυτο,G846,1,PHP,3,16
ἀυτὸν,G846,1,HEB,12,3
ἀφαιρήσει,G851,1,REV,22,19
ἀφαιρῇ,G851,1,REV,22,19
ἀφηκαμεν,G863,1,LUK,18,28
ἀφησεὶ,G863,1,MAR,11,26
ἀφθαρσιαν,G861,1,TIT,2,7
ἀφιένται,G863,1,JHN,20,23
Ἀγνώστῳ,G57,1,ACT,17,23
Ἀδδὶ,G78,1,LUK,3,28
Ἀκούετέ,G191,1,MAR,7,14
Ἀλεξανδρίνῳ,G222,1,ACT,28,11
Ἀλλ᾽,G235,1,1CO,8,7
ἀψάντων,G681,1,LUK,22,55
ἀὐτοῦ,G846,1,MAT,25,10
ἀῥχιερέων,G749,1,LUK,23,23
ἁμαρτήσομεν,G264,1,ROM,6,15
ἁμάρτη,G264,1,LUK,17,4
ἁρπαγέντα,G726,1,2CO,12,2
ἄγαγωσιν,G71,1,MAR,13,11
ἄκήκοα,G191,1,ACT,9,13
ἄξιους,G514,1,MAT,3,8
ἄρεσασης,G700,1,MAR,6,22
ἄρκτου,G715,1,REV,13,2
Ἀχάζ,G881,1,MAT,1,9
Ἁγὰρ,G28,1,GAL,4,25
Ἁγάρ,G28,1,GAL,4,24
Ἁκελδαμά,G184,1,ACT,1,19
Ἁνανίαν,G367,1,ACT,9,12
ἅπασιν,G537,1,LUK,3,16
ἅπάντες,G537,1,ACT,6,15
ἅς,G3739,1,REV,1,20
ἆμήν,G281,1,ROM,16,27
ἆπέλθητε,G565,1,LUK,17,23
ἆπό,G575,1,ROM,16,27
ἆραί,G142,1,MAR,13,15
ἆρχιερεῖς,G749,1,MAT,26,14
ἆρχιερέως,G749,1,MAT,26,51
ἆφεῖλεν,G851,1,MAT,26,51
Ἀβαδδὼν,G3,1,REV,9,11
ἐβούλεύσατο,G1011,1,ACT,15,37
ἐβόων,G994,1,ACT,21,34
ἐγγιεῖ,G1448,1,JAS,4,8
ἐγενέτο,G1096,1,MAR,2,15
ἐγηγέρται,G1453,1,JHN,7,52
ἐγκαθέτους,G1455,1,LUK,20,20
Ἀμπλίαν,G291,1,ROM,16,8
Ἀμὼν,G300,1,MAT,1,10
Ἀμών,G300,1,MAT,1,10
Ἀπόστρεψόν,G654,1,MAT,26,52
Ἀρεοπαγίτης,G698,1,ACT,17,34
Ἀσὰ,G760,1,MAT,1,8
Ἀσά,G760,1,MAT,1,7
Ἀσύγκριτον,G799,1,ROM,16,14
Ἀττάλειαν,G825,1,ACT,14,25
Ἀχὰζ,G881,1,MAT,1,9
ἐγχρῖσον,G1472,1,REV,3,18
ἐδεσμεῖτο,G1196,1,LUK,8,29
ἐδοκιμασάν,G1381,1,HEB,3,9
ἐδέετο,G1189,1,LUK,8,38
ἐζητοῦμέν,G2212,1,LUK,2,48
ἐθελοθρησκεία,G1479,1,COL,2,23
ἐιμι,G1510,1,REV,1,11
Ἁρμαγεδδών,G717,1,REV,16,16
Ἁρέτα,G702,1,2CO,11,32
Ἄνναν,G452,1,ACT,4,6
Ἄφρον,G878,1,1CO,15,36
Ἅγιου,G40,1,ACT,6,3
Ἅννα,G451,1,LUK,2,36
Ἅννα,G452,1,LUK,3,2
Ἅννας,G452,1,JHN,18,24
ἐαυτὸν,G1438,1,1JN,5,18
ἐκγαμίζων,G1547,1,1CO,7,38
ἐκδιώξουσιν,G1559,1,LUK,11,49
ἐκδόσεται,G1554,1,MAT,21,41
ἐκει,G1563,1,REV,22,5
ἐκειθέν,G1564,1,ACT,16,12
ἐκεφαλαίωσαν,G2775,1,MAR,12,4
ἐκεῖνά,G1565,1,MAR,7,15
ἐκκακήσητε,G1573,1,2TH,3,13
ἐγκαταλείψεις,G1459,1,ACT,2,27
ἐγκατοικῶν,G1460,1,2PE,2,8
ἐγκαίνια,G1456,1,JHN,10,22
ἐγκεκαίνισται,G1457,1,HEB,9,18
ἐγκεντρίσαι,G1461,1,ROM,11,23
ἐγκοπήν,G1464,1,1CO,9,12
ἐγκρῖναι,G1469,1,2CO,10,12
ἐγκόπτω,G1465,1,ACT,24,4
ἐκλελυμένοι,G1590,1,MAT,9,36
ἐκλείπῃ,G1587,1,LUK,22,32
ἐκλίπητε,G1587,1,LUK,16,9
ἐκπλήττεσθαι,G1605,1,MAT,13,54
ἐκπορευομένῃ,G1607,1,REV,19,21
ἐκπέπτωκας,G1601,1,REV,2,5
ἐκπίπτει,G1601,1,1CO,13,8
ἐκπίπτοντες,G1601,1,MAR,13,25
ἐκτεθέντα,G1620,1,ACT,7,21
ἐκτενής,G1618,1,ACT,12,5
Καϊνὰν,G2536,1,LUK,3,37
Καϊνάν,G2536,1,LUK,3,36
ἐιναι,G1511,1,ACT,8,37
ἐκβάλλωσιν,G1544,1,LUK,9,40
ἐκγαμίζονται,G1547,1,MAT,22,30
ἐκγαμίζοντες,G1547,1,MAT,24,38
Σεμεΐ,G4584,1,LUK,3,26
Σμυρναίων,G4668,1,REV,2,8
Σολομῶντα,G4672,1,MAT,1,6
Στωϊκῶν,G4770,1,ACT,17,18
Συγκαλεσάμενος,G4779,1,LUK,9,1
Συμμαρτυροῦμαι,G4828,1,REV,22,18
Συμμιμηταί,G4831,1,PHP,3,17
Συροφοινίσσα,G4949,1,MAR,7,26
Κυρηναίου,G2956,1,LUK,23,26
Κυριοῦ,G2962,1,GAL,6,17
Κυριόυ,G2962,1,1TI,1,1
Κυρίοῦ,G2962,1,2TI,2,14
ἐκχέατε,G1632,1,REV,16,1
ἐκκακῶμεν,G1573,1,GAL,6,9
ἐκκλίνατε,G1578,1,ROM,16,17
ἐκκόπτεσθαι,G1581,1,1PE,3,7
ἐμέμψαντο,G3201,1,MAR,7,2
Καίσαρός,G2541,1,ACT,25,10
Κεδρὼν,G2748,1,JHN,18,1
Κλαύδην,G2802,1,ACT,27,16
Κολασσαεῖς,G2858,1,COL,4,18
Κολασσαῖς,G2857,1,COL,1,2
Κορνηλίῳ,G2883,1,ACT,10,7
Κορίνθου,G2882,1,ROM,16,27
Κρητῶν,G2912,1,TIT,3,15
Χριστού,G5547,1,2TI,2,19
Χωραζίν,G5523,1,LUK,10,13
α,G3739,1,2TI,2,7
αγαλλιασθῆναι,G21,1,JHN,5,35
αγρω,G68,1,LUK,17,36
αδικήσωσιν,G91,1,REV,9,4
Σελεύκειαν,G4581,1,ACT,13,4
ἐνέγκαντες,G5342,1,LUK,15,23
ἐκάλεσαν,G2564,1,MAT,10,25
ἐλεεῖτε,G1653,1,JUD,1,22
ἐλεοῦντος,G1653,1,ROM,9,16
ἐλισσαίου,G1666,1,LUK,4,27
ἐλλόγει,G1677,1,PHM,1,18
ἐλογίζοντο,G3049,1,MAR,11,31
ἐλυπηθη,G3076,1,MAT,14,9
ἐμαθήτευσεν,G3100,1,MAT,27,57
ἐμασσῶντο,G3145,1,REV,16,10
ἐμβλέποντες,G1689,1,ACT,1,11
ἐμβάντος,G1684,1,MAR,5,18
ἐμβάντων,G1684,1,MAT,14,32
ἐμπεριπατήσω,G1704,1,2CO,6,16
ἐμπεσεῖται,G1706,1,LUK,14,5
ἐμπορευσώμεθα,G1710,1,JAS,4,13
ἐξολοθρευθήσεται,G1842,1,ACT,3,23
ἐξομολογήσομαι,G1843,1,REV,3,5
ἐξουδενώθη,G1847,1,MAR,9,12
ἐνδειξασθε,G1731,1,2CO,8,24
ἐνδόμησις,G1739,1,REV,21,18
ἐνδύουσιν,G1746,1,MAR,15,17
ἐνεβριμησατο,G1690,1,MAT,9,30
ἐνεδυναμώθησαν,G1743,1,HEB,11,34
ἐνεχθῆναι,G5342,1,MAR,6,27
ἐνθυμουμένου,G1760,1,ACT,10,19
ἐννενηκονταεννέα,G1768,1,MAT,18,13
ἐννεοί,G1769,1,ACT,9,7
ἐννάτῃ,G1766,1,MAR,15,34
ἐνοικοῦν,G1774,1,ROM,8,11
ἐντολαί,G1785,1,1CO,14,37
ἐνυπνία,G1798,1,ACT,2,17
ἐπειράσω,G3985,1,REV,2,2
ἐπερωτᾷς,G1905,1,JHN,18,21
ἐπερώτησον,G1905,1,JHN,18,21
ἐπετίθουν,G2007,1,ACT,8,17
ἐξαρεῖτε,G1808,1,1CO,5,13
ἐξαρθῇ,G1808,1,1CO,5,2
ἐξαὐτῆς,G1824,1,MAR,6,25
ἐξεγαμίζοντο,G1547,1,LUK,17,27
ἐξεθαμβήθη,G1568,1,MAR,9,15
ἐξειλόμην,G1807,1,ACT,23,27
ἐξεκρέματο,G1582,1,LUK,19,48
ἐξελήλυθα,G1831,1,MAR,1,38
ἐξεχεῖτο,G1632,1,ACT,22,20
ἐξηλθεν,G1831,1,LUK,6,12
ἐξηρεύνησαν,G1830,1,1PE,1,10
ἐξιστῶν,G1839,1,ACT,8,9
ἐπιμείνωσιν,G1961,1,ROM,11,23
ἐπιμείνῃς,G1961,1,ROM,11,22
ἐπιπεσὼν,G1968,1,JHN,13,25
ἐπιρράπτει,G1976,1,MAR,2,21
ἐπιστραφῶσιν,G1994,1,JHN,12,40
ἐξἐλέγξαι,G1827,1,JUD,1,15
ἐξέπεσον,G1601,1,ACT,12,7
ἐξέρχεσθαι,G1831,1,ACT,19,12
ἐπαινέσατε,G1867,1,ROM,15,11
ἐπαναμιμνῄσκων,G1878,1,ROM,15,15
ἐπαναπαύσεται,G1879,1,LUK,10,6
ἐπανάγων,G1877,1,MAT,21,18
ἐπαρχίας,G1885,1,ACT,23,34
ἐπαρχίᾳ,G1885,1,ACT,25,1
ἐπεγνωκόσιν,G1921,1,1TI,4,3
ἐπειδή,G1894,1,2CO,5,4
ἐπολέμησαν,G4170,1,REV,12,7
ἐποἰκοδομῆσαι,G2026,1,ACT,20,32
ἐποίησαντὸ,G4160,1,ACT,8,2
ἐπωκοδόμησεν,G2026,1,1CO,3,14
ἐπἠρώτων,G1905,1,ACT,1,6
ἐπέβημεν,G1910,1,ACT,21,6
ἐπείπερ,G1897,1,ROM,3,30
ἐπείρᾶτο,G3987,1,ACT,9,26
ἐπιβλέψον,G1914,1,LUK,9,38
ἐπιβοῶντες,G1916,1,ACT,25,24
ἐπιγνόντων,G1921,1,ACT,19,34
ἐπιγνώσιν,G1922,1,COL,1,10
ἐπιδώσω,G1929,1,JHN,13,26
ἐπικαλέσονται,G1941,1,ROM,10,14
ἐπικατάρατοι,G1944,1,JHN,7,49
ἐπιμενοῦμεν,G1961,1,ROM,6,1
ἐρευνᾶτε,G2045,1,JHN,5,39
ἐρευνᾷ,G2045,1,1CO,2,10
ἐρευνῶντες,G2045,1,1PE,1,11
ἐρεύνησον,G2045,1,JHN,7,52
ἐρραβδίσθην,G4463,1,2CO,11,25
ἐρραντισμένοι,G4472,1,HEB,10,22
ἐπισύστασιν,G1999,1,ACT,24,12
ἐπισύστασις,G1999,1,2CO,11,28
ἐπιτεθῇ,G2007,1,MAR,4,21
ἐπιτελῶ,G2005,1,LUK,13,32
ἐπιτιθῇ,G2007,1,REV,22,18
ἐπιτέτραπται,G2010,1,1CO,14,34
ἐπιφέρειν,G2018,1,PHP,1,16
ἐπιφέρεσθαι,G2018,1,ACT,19,12
ἐπληθύνοντο,G4129,1,ACT,9,31
ἐποιεῖτε,G4160,1,JHN,8,39
ἐρήμον,G2048,1,LUK,4,1
ἐσθήσεσιν,G2067,1,LUK,24,4
ἐσθήτι,G2066,1,ACT,1,10
ἐσθίοντας,G2068,1,MAR,7,2
ἐσκοτισμένοι,G4654,1,EPH,4,18
ἐστάθην,G2476,1,REV,13,1
ἐστήριξεν,G4741,1,LUK,9,51
ἐτεθνήκει,G2348,1,JHN,11,21
ἐτάρασσεν,G5015,1,JHN,5,4
ἐπέδειξεν,G1925,1,LUK,24,40
ἐπέπεσον,G1968,1,ROM,15,3
ἐπέφερον,G2018,1,ACT,25,18
ἐπέχρισεν,G2025,1,JHN,9,6
ἐπίτρεψον,G2010,1,MAT,8,31
ἐπώκειλαν,G2027,1,ACT,27,41
ἐπῆσχύνθη,G1870,1,2TI,1,16
Ποντίῳ,G4194,1,MAT,27,2
Πορεύθητε,G4198,1,MAT,21,2
Προωρώμην,G4308,1,ACT,2,25
Πύθωνος,G4436,1,ACT,16,16
Ρωμαικοῖς,G4513,1,LUK,23,38
ἑκατοντάρχῳ,G1543,1,MAT,8,13
ἑκγαμίζων,G1547,1,1CO,7,38
ἑκάστοις,G1538,1,REV,6,11
ἑρμηνευόμενον,G2059,1,JHN,1,38
ἑστήκεσαν,G2476,1,REV,7,11
ἑστός,G2476,1,MAR,13,14
ἐρράπισαν,G4474,1,MAT,26,67
ἐρρήθησαν,G4483,1,GAL,3,16
ἐρρύσθην,G4506,1,2TI,4,17
ἐρχομενην,G2064,1,ACT,18,21
ἐρχόμενου,G2064,1,LUK,23,26
ἐφαλλόμενος,G2177,1,ACT,19,16
ἐφίσταται,G2186,1,1TH,5,3
ἐφύλαξαμην,G5442,1,LUK,18,21
ἐάσατε,G1439,1,ACT,5,38
ἐᾷς,G1439,1,REV,2,20
ἑαυτὸ,G1438,1,REV,4,8
ἑβδομήκονταέξ,G1440,1,ACT,27,37
ἑκατοντάρχους,G1543,1,ACT,21,32
Σίλᾳ,G4609,1,ACT,15,34
Ταλιθα,G5008,1,MAR,5,41
Τολμηταί,G5113,1,2PE,2,10
Τρέμων,G5141,1,ACT,9,6
Τυχικοῦ,G5190,1,EPH,6,24
Παῦλου,G3972,1,ACT,25,7
Περίζῶσαι,G4024,1,ACT,12,8
Πισιδίας,G4099,1,ACT,13,14
Ἑβραικοῖς,G1444,1,LUK,23,38
ἑστώς,G2476,1,ACT,25,10
ἑστῶσαι,G2476,1,REV,11,4
ἑταίροις,G2083,1,MAT,11,16
ἑώρακασιν,G3708,1,LUK,9,36
ἔγειρου,G1453,1,LUK,8,54
ἔδυ,G1416,1,MAR,1,32
ἔθήλασαν,G2337,1,LUK,23,29
ἔκραξα,G2896,1,ACT,24,21
ἔκραύγασεν,G2905,1,MAT,15,22
ἔλεγχον,G1650,1,2TI,3,16
ἔνεδρον,G1749,1,ACT,23,16
ἔννυχον,G1773,1,MAR,1,35
ἔντεῦθεν,G1782,1,MAT,17,20
ἔρριψαμεν,G4496,1,ACT,27,19
ἐυχάριστῶ,G2168,1,ROM,7,25
ἠγίασμένοις,G37,1,JUD,1,1
ἠδυνήθη,G1410,1,MAR,7,24
ἠδίκησα,G91,1,ACT,25,10
ἔρριψαν,G4496,1,MAT,15,30
ἔστε,G2075,1,EPH,5,5
ἔσχατη,G2078,1,MAR,12,22
ἔχῆτε,G2192,1,2CO,1,15
ἔχῶμεν,G2192,1,1JN,2,28
Ἐι,G1487,1,LUK,14,3
Ἐλαμῖται,G1639,1,ACT,2,9
Ἐλμωδὰμ,G1678,1,LUK,3,28
Ἐπει,G1893,1,LUK,7,1
Ἐπικουρείων,G1946,1,ACT,17,18
Ἐπῆλθον,G1904,1,ACT,14,19
Ἐυνείκῃ,G2131,1,2TI,1,5
Ἐφέσίνης,G2179,1,REV,2,1
ἠτίμωμένον,G821,1,MAR,12,4
ἠυδόκησα,G2106,1,LUK,3,22
ἠχούσης,G2278,1,LUK,21,25
ἠχρειώθησαν,G889,1,ROM,3,12
ἡλκωμένος,G1669,1,LUK,16,20
Ἑζεκίαν,G1478,1,MAT,1,9
Ἑζεκίας,G1478,1,MAT,1,10
Ἑλληνικοῖς,G1673,1,LUK,23,38
Ἑμμὸρ,G1697,1,ACT,7,16
Ἑσλὶ,G2069,1,LUK,3,25
Ἑσρώμ,G2074,1,MAT,1,3
Ἔρρωσο,G4517,1,ACT,23,30
Ἕνεκά,G1752,1,ROM,8,36
ἠβουλήθην,G1014,1,2JN,1,12
ἠγαπηκόσιν,G25,1,2TI,4,8
ἠγαπήσαμεν,G25,1,1JN,4,10
ἥλλετο,G242,1,ACT,14,10
ἥξωσιν,G2240,1,REV,3,9
ἥξῃ,G2240,1,LUK,13,35
ἦγαγεν,G71,1,ACT,5,26
ἧκον,G2240,1,ACT,28,23
ἠδύνασθε,G1410,1,1CO,3,2
ἠλθεν,G2064,1,MAT,21,19
ἠλθες,G2064,1,MAT,8,29
ἠν,G2258,1,MAT,1,18
ἠνεσχόμην,G430,1,ACT,18,14
ἠνείχεσθε,G430,1,2CO,11,4
ἠνεῳχθη,G455,1,REV,20,12
ἠνεῳχθησαν,G455,1,REV,20,12
ἠρωτᾷ,G2065,1,LUK,11,37
ἠσθενήσαμεν,G770,1,2CO,11,21
ἠτοῦντο,G154,1,MAR,15,6
Κανανίτην,G2581,1,MAR,3,18
Κανανίτης,G2581,1,MAT,10,4
Καταβάντι,G2597,1,MAT,8,1
Κατ᾽,G2596,1,ACT,12,1
Ἠλὶ,G2242,1,LUK,3,23
ἡμέραῖς,G2250,1,MAR,2,20
ἡμίση,G2255,1,LUK,19,8
ἡτοίμασα,G2090,1,MAT,22,4
ἡττήθητε,G2274,1,2CO,12,13
ἣς,G3739,1,MAR,13,19
ἤθελησαν,G2309,1,MAR,9,13
ἤθελησεν,G2309,1,LUK,18,4
ἤλθετε,G2064,1,MAT,25,36
ἤλθον,G2064,1,ACT,21,8
ἤπτοντο,G680,1,MAR,6,56
ἥκασιν,G2240,1,MAR,8,3
Νεεμὰν,G3497,1,LUK,4,27
Νεάπολιν,G3496,1,ACT,16,11
Νηρὶ,G3518,1,LUK,3,27
Νικοπόλεως,G3533,1,TIT,3,15
Νινευίταις,G3536,1,LUK,11,30
ἰαθἐντος,G2390,1,ACT,3,11
ἰατρούς,G2395,1,LUK,8,43
ἰδέα,G2397,1,MAT,28,3
ἰὰσασθαι,G2390,1,LUK,4,18
ἧν,G2258,1,GAL,4,15
Εὐροκλύδων,G2148,1,ACT,27,14
Εὕα,G2096,1,1TI,2,13
Ζάρα,G2196,1,MAT,1,3
Ηλι,G2241,1,MAT,27,46
Θαμάρ,G2283,1,MAT,1,3
Κακεῖθεν,G2547,1,MAR,10,1
Ἰσαχάρ,G2466,1,REV,7,7
Ἰσκαριώτη,G2469,1,JHN,13,26
Ἡροδίωνα,G2267,1,ROM,16,11
Ἡρώδης,G2264,1,ACT,12,20
Ἡρῳδιὰς,G2266,1,MAR,6,19
Ἦ,G2229,1,HEB,6,14
Σαμαρείᾳ,G4540,1,ACT,1,8
Σαμάρεια,G4540,1,ACT,8,14
Σαμάρειαν,G4540,1,ACT,15,3
Σαρούχ,G4562,1,LUK,3,35
Σαρῶναν,G4565,1,ACT,9,35
Σατᾶν,G4566,1,2CO,12,7
Μωσῃ,G3475,1,JHN,9,29
Μάαθ,G3092,1,LUK,3,26
Μήποτε,G3379,1,MAT,25,9
Ναθὰν,G3481,1,LUK,3,31
Ἰωὰννα,G2490,1,LUK,3,27
Ἱεροσολυμιτῶν,G2415,1,JHN,7,25
Ἱεροσολυμῖται,G2415,1,MAR,1,5
Ἱνατί,G2444,1,ACT,4,25
Ἴδοὺ,G2400,1,MAR,13,21
ἱερωσυνής,G2420,1,HEB,7,14
ἱμειρόμενοι,G2442,1,1TH,2,8
ἱμάτίῳ,G2440,1,MAR,2,21
ἱστῶμεν,G2476,1,ROM,3,31
ἴσασιν,G2467,1,ACT,26,4
ἵστησιν,G2476,1,MAT,4,5
Ἰαννὰ,G2388,1,LUK,3,24
Ἰαρέδ,G2391,1,LUK,3,37
Ἰεζάβηλ,G2403,1,REV,2,20
Ἰερεμίαν,G2408,1,MAT,16,14
Ἰουδὰ,G2455,1,LUK,3,26
ὀρθριαὶ,G3721,1,LUK,24,22
ὀρθρινός,G3720,1,REV,22,16
ὀρκίζω,G3726,1,1TH,5,27
ὀφειλομένην,G3784,1,1CO,7,3
ὀφθαλμοδουλείαις,G3787,1,COL,3,22
ὀφθαλμοδουλείαν,G3787,1,EPH,6,6
ὀχλούμενοι,G3791,1,LUK,6,18
ὁδε,G3592,1,LUK,16,25
ὁδήγησῃ,G3594,1,ACT,8,31
ὁμοιάζει,G3662,1,MAR,14,70
Ἰσραηλῖταί,G2475,1,2CO,11,22
Ἰωνὰν,G2494,1,LUK,3,30
Ἰωσὴ,G2499,1,LUK,3,29
Ἰωσὴ,G2500,1,MAT,27,56
Ἰωσίαν,G2502,1,MAT,1,10
Ἰωσίας,G2502,1,MAT,1,11
ὄνοματα,G3686,1,REV,13,8
ὄνος,G3688,1,LUK,14,5
ὄχλῷ,G3793,1,MAT,15,36
ὅμιλος,G3658,1,REV,18,17
ὅνπερ,G3746,1,MAR,15,6
ὅποτε,G3698,1,LUK,6,3
ὅσας,G3745,1,MAR,3,28
ὅτί,G3754,1,MAT,7,14
Ὀζίαν,G3604,1,MAT,1,8
Ὀζίας,G3604,1,MAT,1,9
Ἶδοὺ,G2400,1,LUK,17,23
ὀγδοηκοντατεσσάρων,G3589,1,LUK,2,37
ὀκνήσαι,G3635,1,ACT,9,38
ὀνειδιζόμεθα,G3679,1,1TI,4,10
ὀνοματί,G3686,1,ROM,15,9
ὀνόμα,G3686,1,REV,13,1
Γολγοθα,G1115,1,JHN,19,17
Γομόρροις,G1116,1,MAR,6,11
Διοτρέφης,G1361,1,3JN,1,9
Ελωι,G1682,1,MAR,15,34
Εφφαθα,G2188,1,MAR,7,34
ὑπομένοντας,G5278,1,JAS,5,11
ὑποστρέψας,G5290,1,MAR,14,40
ὑπέμενον,G5278,1,ACT,17,14
ὑπὸκρίσιν,G5272,1,JAS,5,12
ὑπῇρχεν,G5225,1,ACT,4,34
ὑστερουντι,G5302,1,1CO,12,24
ὁποῖοί,G3697,1,GAL,2,6
ὃσα,G3745,1,JHN,21,25
ὃσοι,G3745,1,MAR,6,11
ὃτι,G3754,1,LUK,21,8
ὃυς,G3739,1,MAT,12,4
Εἰπε,G2036,1,LUK,20,2
ᾅδη,G86,1,1CO,15,55
Ῥεμφὰν,G4481,1,ACT,7,43
ᾅδῃ,G86,1,LUK,16,23
ᾠκοδομήθη,G3618,1,JHN,2,20
ᾦ,G3739,1,JHN,4,50
Αἰγύπτοῦ,G125,1,ACT,7,36
ῥαπίσει,G4474,1,MAT,5,39
ῥυπωσάτω,G4510,1,REV,22,11
ῥυπῶν,G4510,1,REV,22,11
έδωκας,G1325,1,REV,16,6
έρχωμαι,G2064,1,JHN,4,15
έτι,G2089,1,REV,10,6
Ῥαγαὺ,G4466,1,LUK,3,35
Γαλάτας,G1052,1,GAL,6,18
Ὁρκίζομεν,G3726,1,ACT,19,13
ῥάβδους,G4464,1,LUK,9,3
ῥύεται,G4506,1,2CO,1,10
ῥῖψαν,G4496,1,LUK,4,35
Ῥαββονί,G4462,1,MAR,10,51
Ῥαββουνι,G4462,1,JHN,20,16
Μωσέα,G3475,1,LUK,16,29
ὠκοδόμησεν,G3618,1,ACT,7,47
ὡμοσεν,G3660,1,ACT,7,17
ὡσει,G5616,1,REV,1,14
ὡστε,G5620,1,LUK,9,52
ὣ,G3739,1,ACT,13,41
ὦν,G3739,1,REV,1,20
ὦτίον,G5621,1,MAT,26,51
ὧ,G3739,1,MAR,2,4
Ὠβήδ,G5601,1,LUK,3,32
Εφέσιους,G2180,1,EPH,6,24
